alias,ticker,name_official,market,alias_type,ambiguity,group_id,source,note
삼성전자,005930,삼성전자,KOSPI,official,safe,,rule,
SAMSUNG ELECTRONICS,005930,삼성전자,KOSPI,official_en,safe,,dart,
Samsung Electronics,005930,삼성전자,KOSPI,en_rule,safe,,rule,title case of DART name
005930,005930,삼성전자,KOSPI,ticker,ticker_only,,rule,
SK하이닉스,000660,SK하이닉스,KOSPI,official,safe,,rule,
SK hynix,000660,SK하이닉스,KOSPI,official_en,safe,,dart,
SK Hynix,000660,SK하이닉스,KOSPI,en_rule,safe,,rule,title case of DART name
000660,000660,SK하이닉스,KOSPI,ticker,ticker_only,,rule,
SK스퀘어,402340,SK스퀘어,KOSPI,official,safe,,rule,
SK Square,402340,SK스퀘어,KOSPI,official_en,safe,,dart,
402340,402340,SK스퀘어,KOSPI,ticker,ticker_only,,rule,
삼성전기,009150,삼성전기,KOSPI,official,safe,,rule,
SAMSUNG ELECTRO-MECHANICS,009150,삼성전기,KOSPI,official_en,safe,,dart,
Samsung Electro-mechanics,009150,삼성전기,KOSPI,en_rule,safe,,rule,title case of DART name
009150,009150,삼성전기,KOSPI,ticker,ticker_only,,rule,
LG에너지솔루션,373220,LG에너지솔루션,KOSPI,official,safe,,rule,
LG ENERGY SOLUTION,373220,LG에너지솔루션,KOSPI,official_en,safe,,dart,
LG Energy Solution,373220,LG에너지솔루션,KOSPI,en_rule,safe,,rule,title case of DART name
373220,373220,LG에너지솔루션,KOSPI,ticker,ticker_only,,rule,
현대차,005380,현대차,KOSPI,official,safe,,rule,
HYUNDAI MOTOR CO,005380,현대차,KOSPI,official_en,safe,,dart,
Hyundai Motor CO,005380,현대차,KOSPI,en_rule,safe,,rule,title case of DART name
005380,005380,현대차,KOSPI,ticker,ticker_only,,rule,
삼성바이오로직스,207940,삼성바이오로직스,KOSPI,official,safe,,rule,
SAMSUNG BIOLOGICS,207940,삼성바이오로직스,KOSPI,official_en,safe,,dart,
Samsung Biologics,207940,삼성바이오로직스,KOSPI,en_rule,safe,,rule,title case of DART name
207940,207940,삼성바이오로직스,KOSPI,ticker,ticker_only,,rule,
KB금융,105560,KB금융,KOSPI,official,safe,,rule,
KB Financial,105560,KB금융,KOSPI,official_en,safe,,dart,
105560,105560,KB금융,KOSPI,ticker,ticker_only,,rule,
삼성생명,032830,삼성생명,KOSPI,official,safe,,rule,
Samsung Life Insurance,032830,삼성생명,KOSPI,official_en,safe,,dart,
032830,032830,삼성생명,KOSPI,ticker,ticker_only,,rule,
삼성물산,028260,삼성물산,KOSPI,official,safe,,rule,
SAMSUNG C&T,028260,삼성물산,KOSPI,official_en,safe,,dart,
Samsung C&T,028260,삼성물산,KOSPI,en_rule,safe,,rule,title case of DART name
028260,028260,삼성물산,KOSPI,ticker,ticker_only,,rule,
한화에어로스페이스,012450,한화에어로스페이스,KOSPI,official,safe,,rule,
HANWHA AEROSPACE,012450,한화에어로스페이스,KOSPI,official_en,safe,,dart,
Hanwha Aerospace,012450,한화에어로스페이스,KOSPI,en_rule,safe,,rule,title case of DART name
012450,012450,한화에어로스페이스,KOSPI,ticker,ticker_only,,rule,
신한지주,055550,신한지주,KOSPI,official,safe,,rule,
SHINHAN FINANCIAL,055550,신한지주,KOSPI,official_en,safe,,dart,
Shinhan Financial,055550,신한지주,KOSPI,en_rule,safe,,rule,title case of DART name
055550,055550,신한지주,KOSPI,ticker,ticker_only,,rule,
두산에너빌리티,034020,두산에너빌리티,KOSPI,official,safe,,rule,
DOOSAN ENERBILITY,034020,두산에너빌리티,KOSPI,official_en,safe,,dart,
Doosan Enerbility,034020,두산에너빌리티,KOSPI,en_rule,safe,,rule,title case of DART name
034020,034020,두산에너빌리티,KOSPI,ticker,ticker_only,,rule,
기아,000270,기아,KOSPI,official,safe,,rule,
KIA,000270,기아,KOSPI,official_en,safe,,dart,
000270,000270,기아,KOSPI,ticker,ticker_only,,rule,
HD현대중공업,329180,HD현대중공업,KOSPI,official,safe,,rule,
HD HYUNDAI HEAVY INDUSTRIES,329180,HD현대중공업,KOSPI,official_en,safe,,dart,
HD Hyundai Heavy Industries,329180,HD현대중공업,KOSPI,en_rule,safe,,rule,title case of DART name
329180,329180,HD현대중공업,KOSPI,ticker,ticker_only,,rule,
삼성SDI,006400,삼성SDI,KOSPI,official,safe,,rule,
SAMSUNG SDI,006400,삼성SDI,KOSPI,official_en,safe,,dart,
Samsung SDI,006400,삼성SDI,KOSPI,en_rule,safe,,rule,title case of DART name
006400,006400,삼성SDI,KOSPI,ticker,ticker_only,,rule,
셀트리온,068270,셀트리온,KOSPI,official,safe,,rule,
Celltrion,068270,셀트리온,KOSPI,official_en,safe,,dart,
068270,068270,셀트리온,KOSPI,ticker,ticker_only,,rule,
034730,034730,SK,KOSPI,ticker,ticker_only,,rule,
현대모비스,012330,현대모비스,KOSPI,official,safe,,rule,
HYUNDAI MOBIS,012330,현대모비스,KOSPI,official_en,safe,,dart,
Hyundai Mobis,012330,현대모비스,KOSPI,en_rule,safe,,rule,title case of DART name
012330,012330,현대모비스,KOSPI,ticker,ticker_only,,rule,
하나금융지주,086790,하나금융지주,KOSPI,official,safe,,rule,
Hana Financial,086790,하나금융지주,KOSPI,official_en,safe,,dart,
086790,086790,하나금융지주,KOSPI,ticker,ticker_only,,rule,
LG전자,066570,LG전자,KOSPI,official,safe,,rule,
LG ELECTRONICS,066570,LG전자,KOSPI,official_en,safe,,dart,
LG Electronics,066570,LG전자,KOSPI,en_rule,safe,,rule,title case of DART name
066570,066570,LG전자,KOSPI,ticker,ticker_only,,rule,
NAVER,035420,NAVER,KOSPI,official,safe,,rule,
Naver,035420,NAVER,KOSPI,en_rule,safe,,rule,title case of DART name
035420,035420,NAVER,KOSPI,ticker,ticker_only,,rule,
삼성화재,000810,삼성화재,KOSPI,official,safe,,rule,
SAMSUNG FIRE & MARINE INSURANCE,000810,삼성화재,KOSPI,official_en,safe,,dart,
Samsung Fire & Marine Insurance,000810,삼성화재,KOSPI,en_rule,safe,,rule,title case of DART name
000810,000810,삼성화재,KOSPI,ticker,ticker_only,,rule,
LS ELECTRIC,010120,LS ELECTRIC,KOSPI,official,safe,,rule,
LSELECTRIC,010120,LS ELECTRIC,KOSPI,official,safe,,rule,space removed
LS Electric,010120,LS ELECTRIC,KOSPI,en_rule,safe,,rule,title case of DART name
010120,010120,LS ELECTRIC,KOSPI,ticker,ticker_only,,rule,
POSCO홀딩스,005490,POSCO홀딩스,KOSPI,official,safe,,rule,
POSCO,005490,POSCO홀딩스,KOSPI,official_en,safe,,dart,
Posco,005490,POSCO홀딩스,KOSPI,en_rule,safe,,rule,title case of DART name
005490,005490,POSCO홀딩스,KOSPI,ticker,ticker_only,,rule,
한화오션,042660,한화오션,KOSPI,official,safe,,rule,
Hanwha Ocean,042660,한화오션,KOSPI,official_en,safe,,dart,
042660,042660,한화오션,KOSPI,ticker,ticker_only,,rule,
HD현대일렉트릭,267260,HD현대일렉트릭,KOSPI,official,safe,,rule,
HD HYUNDAI ELECTRIC,267260,HD현대일렉트릭,KOSPI,official_en,safe,,dart,
HD Hyundai Electric,267260,HD현대일렉트릭,KOSPI,en_rule,safe,,rule,title case of DART name
267260,267260,HD현대일렉트릭,KOSPI,ticker,ticker_only,,rule,
고려아연,010130,고려아연,KOSPI,official,safe,,rule,
KOREA Z,010130,고려아연,KOSPI,official_en,safe,,dart,
Korea Z,010130,고려아연,KOSPI,en_rule,safe,,rule,title case of DART name
010130,010130,고려아연,KOSPI,ticker,ticker_only,,rule,
효성중공업,298040,효성중공업,KOSPI,official,safe,,rule,
Hyosung Heavy Industries,298040,효성중공업,KOSPI,official_en,safe,,dart,
298040,298040,효성중공업,KOSPI,ticker,ticker_only,,rule,
우리금융지주,316140,우리금융지주,KOSPI,official,safe,,rule,
Woori Financial,316140,우리금융지주,KOSPI,official_en,safe,,dart,
316140,316140,우리금융지주,KOSPI,ticker,ticker_only,,rule,
HD한국조선해양,009540,HD한국조선해양,KOSPI,official,safe,,rule,
HD KOREA SHIPBUILDING & OFFSHORE ENGINEERING,009540,HD한국조선해양,KOSPI,official_en,safe,,dart,
HD Korea Shipbuilding & Offshore Engineering,009540,HD한국조선해양,KOSPI,en_rule,safe,,rule,title case of DART name
009540,009540,HD한국조선해양,KOSPI,ticker,ticker_only,,rule,
SK이노베이션,096770,SK이노베이션,KOSPI,official,safe,,rule,
SK Innovation,096770,SK이노베이션,KOSPI,official_en,safe,,dart,
096770,096770,SK이노베이션,KOSPI,ticker,ticker_only,,rule,
한미반도체,042700,한미반도체,KOSPI,official,safe,,rule,
HANMI Semiconductor,042700,한미반도체,KOSPI,official_en,safe,,dart,
Hanmi Semiconductor,042700,한미반도체,KOSPI,en_rule,safe,,rule,title case of DART name
042700,042700,한미반도체,KOSPI,ticker,ticker_only,,rule,
한국전력,015760,한국전력,KOSPI,official,safe,,rule,
KOREA ELECTRIC POWER,015760,한국전력,KOSPI,official_en,safe,,dart,
Korea Electric Power,015760,한국전력,KOSPI,en_rule,safe,,rule,title case of DART name
015760,015760,한국전력,KOSPI,ticker,ticker_only,,rule,
HMM,011200,HMM,KOSPI,official,safe,,rule,
011200,011200,HMM,KOSPI,ticker,ticker_only,,rule,
SK텔레콤,017670,SK텔레콤,KOSPI,official,safe,,rule,
SK TELECOM,017670,SK텔레콤,KOSPI,official_en,safe,,dart,
SK Telecom,017670,SK텔레콤,KOSPI,en_rule,safe,,rule,title case of DART name
017670,017670,SK텔레콤,KOSPI,ticker,ticker_only,,rule,
LG화학,051910,LG화학,KOSPI,official,safe,,rule,
LG CHEM,051910,LG화학,KOSPI,official_en,safe,,dart,
LG Chem,051910,LG화학,KOSPI,en_rule,safe,,rule,title case of DART name
051910,051910,LG화학,KOSPI,ticker,ticker_only,,rule,
HD현대,267250,HD현대,KOSPI,official,safe,,rule,
HD HYUNDAI,267250,HD현대,KOSPI,official_en,safe,,dart,
HD Hyundai,267250,HD현대,KOSPI,en_rule,safe,,rule,title case of DART name
267250,267250,HD현대,KOSPI,ticker,ticker_only,,rule,
삼성중공업,010140,삼성중공업,KOSPI,official,safe,,rule,
SAMSUNG HEAVY INDUSTRIES,010140,삼성중공업,KOSPI,official_en,safe,,dart,
Samsung Heavy Industries,010140,삼성중공업,KOSPI,en_rule,safe,,rule,title case of DART name
010140,010140,삼성중공업,KOSPI,ticker,ticker_only,,rule,
미래에셋증권,006800,미래에셋증권,KOSPI,official,safe,,rule,
MIRAE ASSET SECURITIES,006800,미래에셋증권,KOSPI,official_en,safe,,dart,
Mirae Asset Securities,006800,미래에셋증권,KOSPI,en_rule,safe,,rule,title case of DART name
006800,006800,미래에셋증권,KOSPI,ticker,ticker_only,,rule,
S-Oil,010950,S-Oil,KOSPI,official,safe,,rule,
S-oil,010950,S-Oil,KOSPI,en_rule,safe,,rule,title case of DART name
010950,010950,S-Oil,KOSPI,ticker,ticker_only,,rule,
003550,003550,LG,KOSPI,ticker,ticker_only,,rule,
삼성에스디에스,018260,삼성에스디에스,KOSPI,official,safe,,rule,
SAMSUNG SDS,018260,삼성에스디에스,KOSPI,official_en,safe,,dart,
Samsung SDS,018260,삼성에스디에스,KOSPI,en_rule,safe,,rule,title case of DART name
018260,018260,삼성에스디에스,KOSPI,ticker,ticker_only,,rule,
DOOSAN,000150,두산,KOSPI,official_en,safe,,dart,
Doosan,000150,두산,KOSPI,en_rule,safe,,rule,title case of DART name
000150,000150,두산,KOSPI,ticker,ticker_only,,rule,
KT&G,033780,KT&G,KOSPI,official,safe,,rule,
Kt&g,033780,KT&G,KOSPI,en_rule,safe,,rule,title case of DART name
033780,033780,KT&G,KOSPI,ticker,ticker_only,,rule,
기업은행,024110,기업은행,KOSPI,official,safe,,rule,
INDUSTRIAL BANK OF KOREA,024110,기업은행,KOSPI,official_en,safe,,dart,
Industrial Bank OF Korea,024110,기업은행,KOSPI,en_rule,safe,,rule,title case of DART name
024110,024110,기업은행,KOSPI,ticker,ticker_only,,rule,
포스코퓨처엠,003670,포스코퓨처엠,KOSPI,official,safe,,rule,
POSCO FUTURE M,003670,포스코퓨처엠,KOSPI,official_en,safe,,dart,
Posco Future M,003670,포스코퓨처엠,KOSPI,en_rule,safe,,rule,title case of DART name
003670,003670,포스코퓨처엠,KOSPI,ticker,ticker_only,,rule,
카카오,035720,카카오,KOSPI,official,safe,,rule,
Kakao,035720,카카오,KOSPI,official_en,safe,,dart,
035720,035720,카카오,KOSPI,ticker,ticker_only,,rule,
현대글로비스,086280,현대글로비스,KOSPI,official,safe,,rule,
HYUNDAI GLOVIS,086280,현대글로비스,KOSPI,official_en,safe,,dart,
Hyundai Glovis,086280,현대글로비스,KOSPI,en_rule,safe,,rule,title case of DART name
086280,086280,현대글로비스,KOSPI,ticker,ticker_only,,rule,
에이피알,278470,에이피알,KOSPI,official,safe,,rule,
APR,278470,에이피알,KOSPI,official_en,safe,,dart,
278470,278470,에이피알,KOSPI,ticker,ticker_only,,rule,
LIG디펜스앤에어로스페이스,079550,LIG디펜스앤에어로스페이스,KOSPI,official,safe,,rule,
LIG Defense&Aerospace,079550,LIG디펜스앤에어로스페이스,KOSPI,official_en,safe,,dart,
LIG Defense&aerospace,079550,LIG디펜스앤에어로스페이스,KOSPI,en_rule,safe,,rule,title case of DART name
079550,079550,LIG디펜스앤에어로스페이스,KOSPI,ticker,ticker_only,,rule,
현대로템,064350,현대로템,KOSPI,official,safe,,rule,
Hyundai-Rotem Co,064350,현대로템,KOSPI,official_en,safe,,dart,
Hyundai-rotem Co,064350,현대로템,KOSPI,en_rule,safe,,rule,title case of DART name
064350,064350,현대로템,KOSPI,ticker,ticker_only,,rule,
KT,030200,KT,KOSPI,official,safe,,rule,
030200,030200,KT,KOSPI,ticker,ticker_only,,rule,
현대건설,000720,현대건설,KOSPI,official,safe,,rule,
HYUNDAI ENGINEERING & CONSTRUCTION,000720,현대건설,KOSPI,official_en,safe,,dart,
Hyundai Engineering & Construction,000720,현대건설,KOSPI,en_rule,safe,,rule,title case of DART name
000720,000720,현대건설,KOSPI,ticker,ticker_only,,rule,
LG이노텍,011070,LG이노텍,KOSPI,official,safe,,rule,
LG INNOTEK,011070,LG이노텍,KOSPI,official_en,safe,,dart,
LG Innotek,011070,LG이노텍,KOSPI,en_rule,safe,,rule,title case of DART name
011070,011070,LG이노텍,KOSPI,ticker,ticker_only,,rule,
한화시스템,272210,한화시스템,KOSPI,official,safe,,rule,
HANWHA SYSTEMS,272210,한화시스템,KOSPI,official_en,safe,,dart,
Hanwha Systems,272210,한화시스템,KOSPI,en_rule,safe,,rule,title case of DART name
272210,272210,한화시스템,KOSPI,ticker,ticker_only,,rule,
DB손해보험,005830,DB손해보험,KOSPI,official,safe,,rule,
DB INSURANCE,005830,DB손해보험,KOSPI,official_en,safe,,dart,
DB Insurance,005830,DB손해보험,KOSPI,en_rule,safe,,rule,title case of DART name
005830,005830,DB손해보험,KOSPI,ticker,ticker_only,,rule,
한국항공우주,047810,한국항공우주,KOSPI,official,safe,,rule,
KOREA AEROSPACE INDUSTRIES,047810,한국항공우주,KOSPI,official_en,safe,,dart,
Korea Aerospace Industries,047810,한국항공우주,KOSPI,en_rule,safe,,rule,title case of DART name
047810,047810,한국항공우주,KOSPI,ticker,ticker_only,,rule,
078930,078930,GS,KOSPI,ticker,ticker_only,,rule,
대한항공,003490,대한항공,KOSPI,official,safe,,rule,
KOREAN AIR LINES,003490,대한항공,KOSPI,official_en,safe,,dart,
Korean AIR Lines,003490,대한항공,KOSPI,en_rule,safe,,rule,title case of DART name
003490,003490,대한항공,KOSPI,ticker,ticker_only,,rule,
현대오토에버,307950,현대오토에버,KOSPI,official,safe,,rule,
HYUNDAI AUTOEVER,307950,현대오토에버,KOSPI,official_en,safe,,dart,
Hyundai Autoever,307950,현대오토에버,KOSPI,en_rule,safe,,rule,title case of DART name
307950,307950,현대오토에버,KOSPI,ticker,ticker_only,,rule,
한국금융지주,071050,한국금융지주,KOSPI,official,safe,,rule,
Korea Investment,071050,한국금융지주,KOSPI,official_en,safe,,dart,
071050,071050,한국금융지주,KOSPI,ticker,ticker_only,,rule,
삼양식품,003230,삼양식품,KOSPI,official,safe,,rule,
Samyang Foods,003230,삼양식품,KOSPI,official_en,safe,,dart,
003230,003230,삼양식품,KOSPI,ticker,ticker_only,,rule,
카카오뱅크,323410,카카오뱅크,KOSPI,official,safe,,rule,
KakaoBank,323410,카카오뱅크,KOSPI,official_en,safe,,dart,
Kakaobank,323410,카카오뱅크,KOSPI,en_rule,safe,,rule,title case of DART name
323410,323410,카카오뱅크,KOSPI,ticker,ticker_only,,rule,
크래프톤,259960,크래프톤,KOSPI,official,safe,,rule,
KRAFTON,259960,크래프톤,KOSPI,official_en,safe,,dart,
Krafton,259960,크래프톤,KOSPI,en_rule,safe,,rule,title case of DART name
259960,259960,크래프톤,KOSPI,ticker,ticker_only,,rule,
포스코인터내셔널,047050,포스코인터내셔널,KOSPI,official,safe,,rule,
POSCO INTERNATIONAL,047050,포스코인터내셔널,KOSPI,official_en,safe,,dart,
Posco International,047050,포스코인터내셔널,KOSPI,en_rule,safe,,rule,title case of DART name
047050,047050,포스코인터내셔널,KOSPI,ticker,ticker_only,,rule,
NH투자증권,005940,NH투자증권,KOSPI,official,safe,,rule,
NH INVESTMENT & SECURITIES,005940,NH투자증권,KOSPI,official_en,safe,,dart,
NH Investment & Securities,005940,NH투자증권,KOSPI,en_rule,safe,,rule,title case of DART name
005940,005940,NH투자증권,KOSPI,ticker,ticker_only,,rule,
한진칼,180640,한진칼,KOSPI,official,safe,,rule,
HANJINKAL,180640,한진칼,KOSPI,official_en,safe,,dart,
Hanjinkal,180640,한진칼,KOSPI,en_rule,safe,,rule,title case of DART name
180640,180640,한진칼,KOSPI,ticker,ticker_only,,rule,
HD현대마린솔루션,443060,HD현대마린솔루션,KOSPI,official,safe,,rule,
HD Hyundai Marine Solution,443060,HD현대마린솔루션,KOSPI,official_en,safe,,dart,
443060,443060,HD현대마린솔루션,KOSPI,ticker,ticker_only,,rule,
006260,006260,LS,KOSPI,ticker,ticker_only,,rule,
삼성에피스홀딩스,0126Z0,삼성에피스홀딩스,KOSPI,official,safe,,rule,
SAMSUNG EPIS,0126Z0,삼성에피스홀딩스,KOSPI,official_en,safe,,dart,
Samsung Epis,0126Z0,삼성에피스홀딩스,KOSPI,en_rule,safe,,rule,title case of DART name
0126Z0,0126Z0,삼성에피스홀딩스,KOSPI,ticker,ticker_only,,rule,
삼성E&A,028050,삼성E&A,KOSPI,official,safe,,rule,
SAMSUNG E&A,028050,삼성E&A,KOSPI,official_en,safe,,dart,
Samsung E&A,028050,삼성E&A,KOSPI,en_rule,safe,,rule,title case of DART name
028050,028050,삼성E&A,KOSPI,ticker,ticker_only,,rule,
아모레퍼시픽,090430,아모레퍼시픽,KOSPI,official,safe,,rule,
AMOREPACIFIC,090430,아모레퍼시픽,KOSPI,official_en,safe,,dart,
Amorepacific,090430,아모레퍼시픽,KOSPI,en_rule,safe,,rule,title case of DART name
090430,090430,아모레퍼시픽,KOSPI,ticker,ticker_only,,rule,
한국타이어앤테크놀로지,161390,한국타이어앤테크놀로지,KOSPI,official,safe,,rule,
HANKOOK TIRE & TECHNOLOGY,161390,한국타이어앤테크놀로지,KOSPI,official_en,safe,,dart,
Hankook Tire & Technology,161390,한국타이어앤테크놀로지,KOSPI,en_rule,safe,,rule,title case of DART name
161390,161390,한국타이어앤테크놀로지,KOSPI,ticker,ticker_only,,rule,
이수페타시스,007660,이수페타시스,KOSPI,official,safe,,rule,
ISUPETASYS,007660,이수페타시스,KOSPI,official_en,safe,,dart,
Isupetasys,007660,이수페타시스,KOSPI,en_rule,safe,,rule,title case of DART name
007660,007660,이수페타시스,KOSPI,ticker,ticker_only,,rule,
삼성증권,016360,삼성증권,KOSPI,official,safe,,rule,
SAMSUNG SECURITIES,016360,삼성증권,KOSPI,official_en,safe,,dart,
Samsung Securities,016360,삼성증권,KOSPI,en_rule,safe,,rule,title case of DART name
016360,016360,삼성증권,KOSPI,ticker,ticker_only,,rule,
하이브,352820,하이브,KOSPI,official,safe,,rule,
HYBE,352820,하이브,KOSPI,official_en,safe,,dart,
Hybe,352820,하이브,KOSPI,en_rule,safe,,rule,title case of DART name
352820,352820,하이브,KOSPI,ticker,ticker_only,,rule,
HANWHA,000880,한화,KOSPI,official_en,safe,,dart,
Hanwha,000880,한화,KOSPI,en_rule,safe,,rule,title case of DART name
000880,000880,한화,KOSPI,ticker,ticker_only,,rule,
LG씨엔에스,064400,LG씨엔에스,KOSPI,official,safe,,rule,
LG CNS,064400,LG씨엔에스,KOSPI,official_en,safe,,dart,
064400,064400,LG씨엔에스,KOSPI,ticker,ticker_only,,rule,
코웨이,021240,코웨이,KOSPI,official,safe,,rule,
COWAY,021240,코웨이,KOSPI,official_en,safe,,dart,
Coway,021240,코웨이,KOSPI,en_rule,safe,,rule,title case of DART name
021240,021240,코웨이,KOSPI,ticker,ticker_only,,rule,
키움증권,039490,키움증권,KOSPI,official,safe,,rule,
KIWOOM Securities,039490,키움증권,KOSPI,official_en,safe,,dart,
Kiwoom Securities,039490,키움증권,KOSPI,en_rule,safe,,rule,title case of DART name
039490,039490,키움증권,KOSPI,ticker,ticker_only,,rule,
대우건설,047040,대우건설,KOSPI,official,safe,,rule,
DAEWOO ENGINEERING & CONSTRUCTION,047040,대우건설,KOSPI,official_en,safe,,dart,
Daewoo Engineering & Construction,047040,대우건설,KOSPI,en_rule,safe,,rule,title case of DART name
047040,047040,대우건설,KOSPI,ticker,ticker_only,,rule,
한화솔루션,009830,한화솔루션,KOSPI,official,safe,,rule,
HANWHA SOLUTIONS,009830,한화솔루션,KOSPI,official_en,safe,,dart,
Hanwha Solutions,009830,한화솔루션,KOSPI,en_rule,safe,,rule,title case of DART name
009830,009830,한화솔루션,KOSPI,ticker,ticker_only,,rule,
SK바이오팜,326030,SK바이오팜,KOSPI,official,safe,,rule,
SK biopharmaceuticals,326030,SK바이오팜,KOSPI,official_en,safe,,dart,
SK Biopharmaceuticals,326030,SK바이오팜,KOSPI,en_rule,safe,,rule,title case of DART name
326030,326030,SK바이오팜,KOSPI,ticker,ticker_only,,rule,
HD건설기계,267270,HD건설기계,KOSPI,official,safe,,rule,
HD Construction Equipment,267270,HD건설기계,KOSPI,official_en,safe,,dart,
267270,267270,HD건설기계,KOSPI,ticker,ticker_only,,rule,
카카오페이,377300,카카오페이,KOSPI,official,safe,,rule,
kakaopay,377300,카카오페이,KOSPI,official_en,safe,,dart,
Kakaopay,377300,카카오페이,KOSPI,en_rule,safe,,rule,title case of DART name
377300,377300,카카오페이,KOSPI,ticker,ticker_only,,rule,
가온전선,000500,가온전선,KOSPI,official,safe,,rule,
GAON CABLE,000500,가온전선,KOSPI,official_en,safe,,dart,
Gaon Cable,000500,가온전선,KOSPI,en_rule,safe,,rule,title case of DART name
000500,000500,가온전선,KOSPI,ticker,ticker_only,,rule,
LG유플러스,032640,LG유플러스,KOSPI,official,safe,,rule,
LG Uplus,032640,LG유플러스,KOSPI,official_en,safe,,dart,
032640,032640,LG유플러스,KOSPI,ticker,ticker_only,,rule,
두산밥캣,241560,두산밥캣,KOSPI,official,safe,,rule,
Doosan Bobcat,241560,두산밥캣,KOSPI,official_en,safe,,dart,
241560,241560,두산밥캣,KOSPI,ticker,ticker_only,,rule,
유한양행,000100,유한양행,KOSPI,official,safe,,rule,
YUHAN,000100,유한양행,KOSPI,official_en,safe,,dart,
Yuhan,000100,유한양행,KOSPI,en_rule,safe,,rule,title case of DART name
000100,000100,유한양행,KOSPI,ticker,ticker_only,,rule,
한미약품,128940,한미약품,KOSPI,official,safe,,rule,
Hanmi Pharm,128940,한미약품,KOSPI,official_en,safe,,dart,
128940,128940,한미약품,KOSPI,ticker,ticker_only,,rule,
산일전기,062040,산일전기,KOSPI,official,safe,,rule,
SANIL ELECTRIC,062040,산일전기,KOSPI,official_en,safe,,dart,
Sanil Electric,062040,산일전기,KOSPI,en_rule,safe,,rule,title case of DART name
062040,062040,산일전기,KOSPI,ticker,ticker_only,,rule,
JB금융지주,175330,JB금융지주,KOSPI,official,safe,,rule,
JB FINANCIAL,175330,JB금융지주,KOSPI,official_en,safe,,dart,
JB Financial,175330,JB금융지주,KOSPI,en_rule,safe,,rule,title case of DART name
175330,175330,JB금융지주,KOSPI,ticker,ticker_only,,rule,
삼성카드,029780,삼성카드,KOSPI,official,safe,,rule,
SAMSUNG CARD,029780,삼성카드,KOSPI,official_en,safe,,dart,
Samsung Card,029780,삼성카드,KOSPI,en_rule,safe,,rule,title case of DART name
029780,029780,삼성카드,KOSPI,ticker,ticker_only,,rule,
대한전선,001440,대한전선,KOSPI,official,safe,,rule,
Taihan Cable & Solution,001440,대한전선,KOSPI,official_en,safe,,dart,
001440,001440,대한전선,KOSPI,ticker,ticker_only,,rule,
한화생명,088350,한화생명,KOSPI,official,safe,,rule,
HANWHA LIFE INSURANCE,088350,한화생명,KOSPI,official_en,safe,,dart,
Hanwha Life Insurance,088350,한화생명,KOSPI,en_rule,safe,,rule,title case of DART name
088350,088350,한화생명,KOSPI,ticker,ticker_only,,rule,
오리온,271560,오리온,KOSPI,official,safe,,rule,
ORION,271560,오리온,KOSPI,official_en,safe,,dart,
Orion,271560,오리온,KOSPI,en_rule,safe,,rule,title case of DART name
271560,271560,오리온,KOSPI,ticker,ticker_only,,rule,
엘앤에프,066970,엘앤에프,KOSPI,official,safe,,rule,
L&F,066970,엘앤에프,KOSPI,official_en,safe,,dart,
066970,066970,엘앤에프,KOSPI,ticker,ticker_only,,rule,
대덕전자,353200,대덕전자,KOSPI,official,safe,,rule,
DAEDUCK ELECTRONICS,353200,대덕전자,KOSPI,official_en,safe,,dart,
Daeduck Electronics,353200,대덕전자,KOSPI,en_rule,safe,,rule,title case of DART name
353200,353200,대덕전자,KOSPI,ticker,ticker_only,,rule,
맥쿼리인프라,088980,맥쿼리인프라,KOSPI,official,safe,,rule,
Macquarie Korea Infrastructure Fund,088980,맥쿼리인프라,KOSPI,official_en,safe,,dart,
088980,088980,맥쿼리인프라,KOSPI,ticker,ticker_only,,rule,
Adobe Inc.,ADBE,Adobe Inc.,NASDAQ,official,safe,,rule,
AdobeInc.,ADBE,Adobe Inc.,NASDAQ,official,safe,,rule,space removed
Adobe,ADBE,Adobe Inc.,NASDAQ,en_rule,safe,,rule,corporate suffix stripped
ADBE,ADBE,Adobe Inc.,NASDAQ,ticker,ticker_only,,rule,
Advanced Micro Devices,AMD,Advanced Micro Devices,NASDAQ,official,safe,,rule,
AdvancedMicroDevices,AMD,Advanced Micro Devices,NASDAQ,official,safe,,rule,space removed
AMD,AMD,Advanced Micro Devices,NASDAQ,ko_manual,safe,,manual,name == ticker
Airbnb,ABNB,Airbnb,NASDAQ,official,safe,,rule,
ABNB,ABNB,Airbnb,NASDAQ,ticker,ticker_only,,rule,
Alnylam Pharmaceuticals,ALNY,Alnylam Pharmaceuticals,NASDAQ,official,safe,,rule,
AlnylamPharmaceuticals,ALNY,Alnylam Pharmaceuticals,NASDAQ,official,safe,,rule,space removed
ALNY,ALNY,Alnylam Pharmaceuticals,NASDAQ,ticker,ticker_only,,rule,
Alphabet Inc. (Class A),GOOGL,Alphabet Inc. (Class A),NASDAQ,official,safe,,rule,
AlphabetInc.(ClassA),GOOGL,Alphabet Inc. (Class A),NASDAQ,official,safe,,rule,space removed
GOOGL,GOOGL,Alphabet Inc. (Class A),NASDAQ,ticker,ticker_only,,rule,
Alphabet Inc. (Class C),GOOG,Alphabet Inc. (Class C),NASDAQ,official,safe,,rule,
AlphabetInc.(ClassC),GOOG,Alphabet Inc. (Class C),NASDAQ,official,safe,,rule,space removed
GOOG,GOOG,Alphabet Inc. (Class C),NASDAQ,ticker,ticker_only,,rule,
Amazon,AMZN,Amazon,NASDAQ,official,safe,,rule,
AMZN,AMZN,Amazon,NASDAQ,ticker,ticker_only,,rule,
American Electric Power,AEP,American Electric Power,NASDAQ,official,safe,,rule,
AmericanElectricPower,AEP,American Electric Power,NASDAQ,official,safe,,rule,space removed
AEP,AEP,American Electric Power,NASDAQ,ticker,ticker_only,,rule,
Amgen,AMGN,Amgen,NASDAQ,official,safe,,rule,
AMGN,AMGN,Amgen,NASDAQ,ticker,ticker_only,,rule,
Analog Devices,ADI,Analog Devices,NASDAQ,official,safe,,rule,
AnalogDevices,ADI,Analog Devices,NASDAQ,official,safe,,rule,space removed
ADI,ADI,Analog Devices,NASDAQ,ticker,ticker_only,,rule,
Apple Inc.,AAPL,Apple Inc.,NASDAQ,official,safe,,rule,
AppleInc.,AAPL,Apple Inc.,NASDAQ,official,safe,,rule,space removed
Apple,AAPL,Apple Inc.,NASDAQ,en_rule,safe,,rule,corporate suffix stripped
AAPL,AAPL,Apple Inc.,NASDAQ,ticker,ticker_only,,rule,
Applied Materials,AMAT,Applied Materials,NASDAQ,official,safe,,rule,
AppliedMaterials,AMAT,Applied Materials,NASDAQ,official,safe,,rule,space removed
AMAT,AMAT,Applied Materials,NASDAQ,ticker,ticker_only,,rule,
AppLovin,APP,AppLovin,NASDAQ,official,safe,,rule,
APP,APP,AppLovin,NASDAQ,ticker,ticker_only,,rule,
Arm Holdings,ARM,Arm Holdings,NASDAQ,official,safe,,rule,
ArmHoldings,ARM,Arm Holdings,NASDAQ,official,safe,,rule,space removed
ARM,ARM,Arm Holdings,NASDAQ,ticker,ticker_only,,rule,
ASML Holding,ASML,ASML Holding,NASDAQ,official,safe,,rule,
ASMLHolding,ASML,ASML Holding,NASDAQ,official,safe,,rule,space removed
ASML,ASML,ASML Holding,NASDAQ,en_rule,safe,,rule,corporate suffix stripped
Astera Labs,ALAB,Astera Labs,NASDAQ,official,safe,,rule,
AsteraLabs,ALAB,Astera Labs,NASDAQ,official,safe,,rule,space removed
ALAB,ALAB,Astera Labs,NASDAQ,ticker,ticker_only,,rule,
Autodesk,ADSK,Autodesk,NASDAQ,official,safe,,rule,
ADSK,ADSK,Autodesk,NASDAQ,ticker,ticker_only,,rule,
Automatic Data Processing,ADP,Automatic Data Processing,NASDAQ,official,safe,,rule,
AutomaticDataProcessing,ADP,Automatic Data Processing,NASDAQ,official,safe,,rule,space removed
ADP,ADP,Automatic Data Processing,NASDAQ,ticker,ticker_only,,rule,
Axon Enterprise,AXON,Axon Enterprise,NASDAQ,official,safe,,rule,
AxonEnterprise,AXON,Axon Enterprise,NASDAQ,official,safe,,rule,space removed
AXON,AXON,Axon Enterprise,NASDAQ,ticker,ticker_only,,rule,
Baker Hughes,BKR,Baker Hughes,NASDAQ,official,safe,,rule,
BakerHughes,BKR,Baker Hughes,NASDAQ,official,safe,,rule,space removed
BKR,BKR,Baker Hughes,NASDAQ,ticker,ticker_only,,rule,
Booking Holdings,BKNG,Booking Holdings,NASDAQ,official,safe,,rule,
BookingHoldings,BKNG,Booking Holdings,NASDAQ,official,safe,,rule,space removed
BKNG,BKNG,Booking Holdings,NASDAQ,ticker,ticker_only,,rule,
Broadcom,AVGO,Broadcom,NASDAQ,official,safe,,rule,
AVGO,AVGO,Broadcom,NASDAQ,ticker,ticker_only,,rule,
Cadence Design Systems,CDNS,Cadence Design Systems,NASDAQ,official,safe,,rule,
CadenceDesignSystems,CDNS,Cadence Design Systems,NASDAQ,official,safe,,rule,space removed
CDNS,CDNS,Cadence Design Systems,NASDAQ,ticker,ticker_only,,rule,
Cintas,CTAS,Cintas,NASDAQ,official,safe,,rule,
CTAS,CTAS,Cintas,NASDAQ,ticker,ticker_only,,rule,
Cisco,CSCO,Cisco,NASDAQ,official,safe,,rule,
CSCO,CSCO,Cisco,NASDAQ,ticker,ticker_only,,rule,
Coca-Cola Europacific Partners,CCEP,Coca-Cola Europacific Partners,NASDAQ,official,safe,,rule,
Coca-ColaEuropacificPartners,CCEP,Coca-Cola Europacific Partners,NASDAQ,official,safe,,rule,space removed
CCEP,CCEP,Coca-Cola Europacific Partners,NASDAQ,ticker,ticker_only,,rule,
Comcast,CMCSA,Comcast,NASDAQ,official,safe,,rule,
CMCSA,CMCSA,Comcast,NASDAQ,ticker,ticker_only,,rule,
Constellation Energy,CEG,Constellation Energy,NASDAQ,official,safe,,rule,
ConstellationEnergy,CEG,Constellation Energy,NASDAQ,official,safe,,rule,space removed
CEG,CEG,Constellation Energy,NASDAQ,ticker,ticker_only,,rule,
Copart,CPRT,Copart,NASDAQ,official,safe,,rule,
CPRT,CPRT,Copart,NASDAQ,ticker,ticker_only,,rule,
CoreWeave,CRWV,CoreWeave,NASDAQ,official,safe,,rule,
CRWV,CRWV,CoreWeave,NASDAQ,ticker,ticker_only,,rule,
Costco,COST,Costco,NASDAQ,official,safe,,rule,
COST,COST,Costco,NASDAQ,ticker,ticker_only,,rule,
CrowdStrike,CRWD,CrowdStrike,NASDAQ,official,safe,,rule,
CRWD,CRWD,CrowdStrike,NASDAQ,ticker,ticker_only,,rule,
CSX Corporation,CSX,CSX Corporation,NASDAQ,official,safe,,rule,
CSXCorporation,CSX,CSX Corporation,NASDAQ,official,safe,,rule,space removed
CSX,CSX,CSX Corporation,NASDAQ,en_rule,safe,,rule,corporate suffix stripped
Datadog,DDOG,Datadog,NASDAQ,official,safe,,rule,
DDOG,DDOG,Datadog,NASDAQ,ticker,ticker_only,,rule,
DexCom,DXCM,DexCom,NASDAQ,official,safe,,rule,
DXCM,DXCM,DexCom,NASDAQ,ticker,ticker_only,,rule,
Diamondback Energy,FANG,Diamondback Energy,NASDAQ,official,safe,,rule,
DiamondbackEnergy,FANG,Diamondback Energy,NASDAQ,official,safe,,rule,space removed
FANG,FANG,Diamondback Energy,NASDAQ,ticker,ticker_only,,rule,
DoorDash,DASH,DoorDash,NASDAQ,official,safe,,rule,
DASH,DASH,DoorDash,NASDAQ,ticker,ticker_only,,rule,
Exelon,EXC,Exelon,NASDAQ,official,safe,,rule,
EXC,EXC,Exelon,NASDAQ,ticker,ticker_only,,rule,
Fastenal,FAST,Fastenal,NASDAQ,official,safe,,rule,
FAST,FAST,Fastenal,NASDAQ,ticker,ticker_only,,rule,
Ferrovial,FER,Ferrovial,NASDAQ,official,safe,,rule,
FER,FER,Ferrovial,NASDAQ,ticker,ticker_only,,rule,
Fortinet,FTNT,Fortinet,NASDAQ,official,safe,,rule,
FTNT,FTNT,Fortinet,NASDAQ,ticker,ticker_only,,rule,
GE HealthCare,GEHC,GE HealthCare,NASDAQ,official,safe,,rule,
GEHealthCare,GEHC,GE HealthCare,NASDAQ,official,safe,,rule,space removed
GEHC,GEHC,GE HealthCare,NASDAQ,ticker,ticker_only,,rule,
Gilead Sciences,GILD,Gilead Sciences,NASDAQ,official,safe,,rule,
GileadSciences,GILD,Gilead Sciences,NASDAQ,official,safe,,rule,space removed
GILD,GILD,Gilead Sciences,NASDAQ,ticker,ticker_only,,rule,
Honeywell Aerospace,HONA,Honeywell Aerospace,NASDAQ,official,safe,,rule,
HoneywellAerospace,HONA,Honeywell Aerospace,NASDAQ,official,safe,,rule,space removed
HONA,HONA,Honeywell Aerospace,NASDAQ,ticker,ticker_only,,rule,
Honeywell Technologies,HON,Honeywell Technologies,NASDAQ,official,safe,,rule,
HoneywellTechnologies,HON,Honeywell Technologies,NASDAQ,official,safe,,rule,space removed
HON,HON,Honeywell Technologies,NASDAQ,ticker,ticker_only,,rule,
Idexx Laboratories,IDXX,Idexx Laboratories,NASDAQ,official,safe,,rule,
IdexxLaboratories,IDXX,Idexx Laboratories,NASDAQ,official,safe,,rule,space removed
IDXX,IDXX,Idexx Laboratories,NASDAQ,ticker,ticker_only,,rule,
Intel,INTC,Intel,NASDAQ,official,safe,,rule,
INTC,INTC,Intel,NASDAQ,ticker,ticker_only,,rule,
Intuit,INTU,Intuit,NASDAQ,official,safe,,rule,
INTU,INTU,Intuit,NASDAQ,ticker,ticker_only,,rule,
Intuitive Surgical,ISRG,Intuitive Surgical,NASDAQ,official,safe,,rule,
IntuitiveSurgical,ISRG,Intuitive Surgical,NASDAQ,official,safe,,rule,space removed
ISRG,ISRG,Intuitive Surgical,NASDAQ,ticker,ticker_only,,rule,
Keurig Dr Pepper,KDP,Keurig Dr Pepper,NASDAQ,official,safe,,rule,
KeurigDrPepper,KDP,Keurig Dr Pepper,NASDAQ,official,safe,,rule,space removed
KDP,KDP,Keurig Dr Pepper,NASDAQ,ticker,ticker_only,,rule,
KLA Corporation,KLAC,KLA Corporation,NASDAQ,official,safe,,rule,
KLACorporation,KLAC,KLA Corporation,NASDAQ,official,safe,,rule,space removed
KLA,KLAC,KLA Corporation,NASDAQ,en_rule,safe,,rule,corporate suffix stripped
KLAC,KLAC,KLA Corporation,NASDAQ,ticker,ticker_only,,rule,
Kraft Heinz,KHC,Kraft Heinz,NASDAQ,official,safe,,rule,
KraftHeinz,KHC,Kraft Heinz,NASDAQ,official,safe,,rule,space removed
KHC,KHC,Kraft Heinz,NASDAQ,ticker,ticker_only,,rule,
Lam Research,LRCX,Lam Research,NASDAQ,official,safe,,rule,
LamResearch,LRCX,Lam Research,NASDAQ,official,safe,,rule,space removed
LRCX,LRCX,Lam Research,NASDAQ,ticker,ticker_only,,rule,
Linde plc,LIN,Linde plc,NASDAQ,official,safe,,rule,
Lindeplc,LIN,Linde plc,NASDAQ,official,safe,,rule,space removed
Linde,LIN,Linde plc,NASDAQ,en_rule,safe,,rule,corporate suffix stripped
LIN,LIN,Linde plc,NASDAQ,ticker,ticker_only,,rule,
Lumentum,LITE,Lumentum,NASDAQ,official,safe,,rule,
LITE,LITE,Lumentum,NASDAQ,ticker,ticker_only,,rule,
Marriott International,MAR,Marriott International,NASDAQ,official,safe,,rule,
MarriottInternational,MAR,Marriott International,NASDAQ,official,safe,,rule,space removed
MAR,MAR,Marriott International,NASDAQ,ticker,ticker_only,,rule,
Marvell Technology,MRVL,Marvell Technology,NASDAQ,official,safe,,rule,
MarvellTechnology,MRVL,Marvell Technology,NASDAQ,official,safe,,rule,space removed
MRVL,MRVL,Marvell Technology,NASDAQ,ticker,ticker_only,,rule,
Mercado Libre,MELI,Mercado Libre,NASDAQ,official,safe,,rule,
MercadoLibre,MELI,Mercado Libre,NASDAQ,official,safe,,rule,space removed
MELI,MELI,Mercado Libre,NASDAQ,ticker,ticker_only,,rule,
Meta Platforms,META,Meta Platforms,NASDAQ,official,safe,,rule,
MetaPlatforms,META,Meta Platforms,NASDAQ,official,safe,,rule,space removed
META,META,Meta Platforms,NASDAQ,ticker,ticker_only,,rule,
Microchip Technology,MCHP,Microchip Technology,NASDAQ,official,safe,,rule,
MicrochipTechnology,MCHP,Microchip Technology,NASDAQ,official,safe,,rule,space removed
MCHP,MCHP,Microchip Technology,NASDAQ,ticker,ticker_only,,rule,
Micron Technology,MU,Micron Technology,NASDAQ,official,safe,,rule,
MicronTechnology,MU,Micron Technology,NASDAQ,official,safe,,rule,space removed
MU,MU,Micron Technology,NASDAQ,ticker,ticker_only,,rule,
Microsoft,MSFT,Microsoft,NASDAQ,official,safe,,rule,
MSFT,MSFT,Microsoft,NASDAQ,ticker,ticker_only,,rule,
MicroStrategy,MSTR,MicroStrategy,NASDAQ,official,safe,,rule,
MSTR,MSTR,MicroStrategy,NASDAQ,ticker,ticker_only,,rule,
Mondelez International,MDLZ,Mondelez International,NASDAQ,official,safe,,rule,
MondelezInternational,MDLZ,Mondelez International,NASDAQ,official,safe,,rule,space removed
MDLZ,MDLZ,Mondelez International,NASDAQ,ticker,ticker_only,,rule,
Monolithic Power Systems,MPWR,Monolithic Power Systems,NASDAQ,official,safe,,rule,
MonolithicPowerSystems,MPWR,Monolithic Power Systems,NASDAQ,official,safe,,rule,space removed
MPWR,MPWR,Monolithic Power Systems,NASDAQ,ticker,ticker_only,,rule,
Monster Beverage,MNST,Monster Beverage,NASDAQ,official,safe,,rule,
MonsterBeverage,MNST,Monster Beverage,NASDAQ,official,safe,,rule,space removed
MNST,MNST,Monster Beverage,NASDAQ,ticker,ticker_only,,rule,
Nebius Group,NBIS,Nebius Group,NASDAQ,official,safe,,rule,
NebiusGroup,NBIS,Nebius Group,NASDAQ,official,safe,,rule,space removed
Nebius,NBIS,Nebius Group,NASDAQ,en_rule,safe,,rule,corporate suffix stripped
NBIS,NBIS,Nebius Group,NASDAQ,ticker,ticker_only,,rule,
"Netflix, Inc.",NFLX,"Netflix, Inc.",NASDAQ,official,safe,,rule,
"Netflix,Inc.",NFLX,"Netflix, Inc.",NASDAQ,official,safe,,rule,space removed
Netflix,NFLX,"Netflix, Inc.",NASDAQ,en_rule,safe,,rule,corporate suffix stripped
NFLX,NFLX,"Netflix, Inc.",NASDAQ,ticker,ticker_only,,rule,
Nvidia,NVDA,Nvidia,NASDAQ,official,safe,,rule,
NVDA,NVDA,Nvidia,NASDAQ,ticker,ticker_only,,rule,
NXP Semiconductors,NXPI,NXP Semiconductors,NASDAQ,official,safe,,rule,
NXPSemiconductors,NXPI,NXP Semiconductors,NASDAQ,official,safe,,rule,space removed
NXPI,NXPI,NXP Semiconductors,NASDAQ,ticker,ticker_only,,rule,
O'Reilly Automotive,ORLY,O'Reilly Automotive,NASDAQ,official,safe,,rule,
O'ReillyAutomotive,ORLY,O'Reilly Automotive,NASDAQ,official,safe,,rule,space removed
ORLY,ORLY,O'Reilly Automotive,NASDAQ,ticker,ticker_only,,rule,
Old Dominion Freight Line,ODFL,Old Dominion Freight Line,NASDAQ,official,safe,,rule,
OldDominionFreightLine,ODFL,Old Dominion Freight Line,NASDAQ,official,safe,,rule,space removed
ODFL,ODFL,Old Dominion Freight Line,NASDAQ,ticker,ticker_only,,rule,
Paccar,PCAR,Paccar,NASDAQ,official,safe,,rule,
PCAR,PCAR,Paccar,NASDAQ,ticker,ticker_only,,rule,
Palantir Technologies,PLTR,Palantir Technologies,NASDAQ,official,safe,,rule,
PalantirTechnologies,PLTR,Palantir Technologies,NASDAQ,official,safe,,rule,space removed
PLTR,PLTR,Palantir Technologies,NASDAQ,ticker,ticker_only,,rule,
Palo Alto Networks,PANW,Palo Alto Networks,NASDAQ,official,safe,,rule,
PaloAltoNetworks,PANW,Palo Alto Networks,NASDAQ,official,safe,,rule,space removed
PANW,PANW,Palo Alto Networks,NASDAQ,ticker,ticker_only,,rule,
Paychex,PAYX,Paychex,NASDAQ,official,safe,,rule,
PAYX,PAYX,Paychex,NASDAQ,ticker,ticker_only,,rule,
PayPal,PYPL,PayPal,NASDAQ,official,safe,,rule,
PYPL,PYPL,PayPal,NASDAQ,ticker,ticker_only,,rule,
PDD Holdings,PDD,PDD Holdings,NASDAQ,official,safe,,rule,
PDDHoldings,PDD,PDD Holdings,NASDAQ,official,safe,,rule,space removed
PDD,PDD,PDD Holdings,NASDAQ,en_rule,safe,,rule,corporate suffix stripped
PepsiCo,PEP,PepsiCo,NASDAQ,official,safe,,rule,
PEP,PEP,PepsiCo,NASDAQ,ticker,ticker_only,,rule,
Qualcomm,QCOM,Qualcomm,NASDAQ,official,safe,,rule,
QCOM,QCOM,Qualcomm,NASDAQ,ticker,ticker_only,,rule,
Regeneron Pharmaceuticals,REGN,Regeneron Pharmaceuticals,NASDAQ,official,safe,,rule,
RegeneronPharmaceuticals,REGN,Regeneron Pharmaceuticals,NASDAQ,official,safe,,rule,space removed
REGN,REGN,Regeneron Pharmaceuticals,NASDAQ,ticker,ticker_only,,rule,
Rocket Lab,RKLB,Rocket Lab,NASDAQ,official,safe,,rule,
RocketLab,RKLB,Rocket Lab,NASDAQ,official,safe,,rule,space removed
RKLB,RKLB,Rocket Lab,NASDAQ,ticker,ticker_only,,rule,
Roper Technologies,ROP,Roper Technologies,NASDAQ,official,safe,,rule,
RoperTechnologies,ROP,Roper Technologies,NASDAQ,official,safe,,rule,space removed
ROP,ROP,Roper Technologies,NASDAQ,ticker,ticker_only,,rule,
Ross Stores,ROST,Ross Stores,NASDAQ,official,safe,,rule,
RossStores,ROST,Ross Stores,NASDAQ,official,safe,,rule,space removed
ROST,ROST,Ross Stores,NASDAQ,ticker,ticker_only,,rule,
Sandisk,SNDK,Sandisk,NASDAQ,official,safe,,rule,
SNDK,SNDK,Sandisk,NASDAQ,ticker,ticker_only,,rule,
Seagate Technology,STX,Seagate Technology,NASDAQ,official,safe,,rule,
SeagateTechnology,STX,Seagate Technology,NASDAQ,official,safe,,rule,space removed
STX,STX,Seagate Technology,NASDAQ,ticker,ticker_only,,rule,
Shopify,SHOP,Shopify,NASDAQ,official,safe,,rule,
SHOP,SHOP,Shopify,NASDAQ,ticker,ticker_only,,rule,
SpaceX,SPCX,SpaceX,NASDAQ,official,safe,,rule,
SPCX,SPCX,SpaceX,NASDAQ,ticker,ticker_only,,rule,
Starbucks,SBUX,Starbucks,NASDAQ,official,safe,,rule,
SBUX,SBUX,Starbucks,NASDAQ,ticker,ticker_only,,rule,
Synopsys,SNPS,Synopsys,NASDAQ,official,safe,,rule,
SNPS,SNPS,Synopsys,NASDAQ,ticker,ticker_only,,rule,
T-Mobile US,TMUS,T-Mobile US,NASDAQ,official,safe,,rule,
T-MobileUS,TMUS,T-Mobile US,NASDAQ,official,safe,,rule,space removed
TMUS,TMUS,T-Mobile US,NASDAQ,ticker,ticker_only,,rule,
Take-Two Interactive,TTWO,Take-Two Interactive,NASDAQ,official,safe,,rule,
Take-TwoInteractive,TTWO,Take-Two Interactive,NASDAQ,official,safe,,rule,space removed
TTWO,TTWO,Take-Two Interactive,NASDAQ,ticker,ticker_only,,rule,
Teradyne,TER,Teradyne,NASDAQ,official,safe,,rule,
TER,TER,Teradyne,NASDAQ,ticker,ticker_only,,rule,
"Tesla, Inc.",TSLA,"Tesla, Inc.",NASDAQ,official,safe,,rule,
"Tesla,Inc.",TSLA,"Tesla, Inc.",NASDAQ,official,safe,,rule,space removed
Tesla,TSLA,"Tesla, Inc.",NASDAQ,en_rule,safe,,rule,corporate suffix stripped
TSLA,TSLA,"Tesla, Inc.",NASDAQ,ticker,ticker_only,,rule,
Texas Instruments,TXN,Texas Instruments,NASDAQ,official,safe,,rule,
TexasInstruments,TXN,Texas Instruments,NASDAQ,official,safe,,rule,space removed
TXN,TXN,Texas Instruments,NASDAQ,ticker,ticker_only,,rule,
Thomson Reuters,TRI,Thomson Reuters,NASDAQ,official,safe,,rule,
ThomsonReuters,TRI,Thomson Reuters,NASDAQ,official,safe,,rule,space removed
TRI,TRI,Thomson Reuters,NASDAQ,ticker,ticker_only,,rule,
Vertex Pharmaceuticals,VRTX,Vertex Pharmaceuticals,NASDAQ,official,safe,,rule,
VertexPharmaceuticals,VRTX,Vertex Pharmaceuticals,NASDAQ,official,safe,,rule,space removed
VRTX,VRTX,Vertex Pharmaceuticals,NASDAQ,ticker,ticker_only,,rule,
Walmart,WMT,Walmart,NASDAQ,official,safe,,rule,
WMT,WMT,Walmart,NASDAQ,ticker,ticker_only,,rule,
Warner Bros. Discovery,WBD,Warner Bros. Discovery,NASDAQ,official,safe,,rule,
WarnerBros.Discovery,WBD,Warner Bros. Discovery,NASDAQ,official,safe,,rule,space removed
WBD,WBD,Warner Bros. Discovery,NASDAQ,ticker,ticker_only,,rule,
Western Digital,WDC,Western Digital,NASDAQ,official,safe,,rule,
WesternDigital,WDC,Western Digital,NASDAQ,official,safe,,rule,space removed
WDC,WDC,Western Digital,NASDAQ,ticker,ticker_only,,rule,
"Workday, Inc.",WDAY,"Workday, Inc.",NASDAQ,official,safe,,rule,
"Workday,Inc.",WDAY,"Workday, Inc.",NASDAQ,official,safe,,rule,space removed
Workday,WDAY,"Workday, Inc.",NASDAQ,en_rule,safe,,rule,corporate suffix stripped
WDAY,WDAY,"Workday, Inc.",NASDAQ,ticker,ticker_only,,rule,
Xcel Energy,XEL,Xcel Energy,NASDAQ,official,safe,,rule,
XcelEnergy,XEL,Xcel Energy,NASDAQ,official,safe,,rule,space removed
XEL,XEL,Xcel Energy,NASDAQ,ticker,ticker_only,,rule,
어도비,ADBE,Adobe Inc.,NASDAQ,ko_manual,safe,,manual,
에이엠디,AMD,Advanced Micro Devices,NASDAQ,ko_manual,safe,,manual,
어드밴스드마이크로디바이시스,AMD,Advanced Micro Devices,NASDAQ,ko_manual,safe,,manual,
어드밴스드 마이크로 디바이시스,AMD,Advanced Micro Devices,NASDAQ,ko_manual,safe,,manual,
에어비앤비,ABNB,Airbnb,NASDAQ,ko_manual,safe,,manual,
앨나일램,ALNY,Alnylam Pharmaceuticals,NASDAQ,ko_manual,safe,,manual,
알나일람,ALNY,Alnylam Pharmaceuticals,NASDAQ,ko_manual,safe,,manual,
구글,GOOGL,Alphabet Inc. (Class A),NASDAQ,ko_manual,safe,,manual,
Google,GOOGL,Alphabet Inc. (Class A),NASDAQ,ko_manual,safe,,manual,
Alphabet Inc,GOOGL,Alphabet Inc. (Class A),NASDAQ,ko_manual,safe,,manual,
AlphabetInc,GOOGL,Alphabet Inc. (Class A),NASDAQ,ko_manual,safe,,manual,space removed
아마존,AMZN,Amazon,NASDAQ,ko_manual,safe,,manual,
아메리칸일렉트릭파워,AEP,American Electric Power,NASDAQ,ko_manual,safe,,manual,
아메리칸 일렉트릭 파워,AEP,American Electric Power,NASDAQ,ko_manual,safe,,manual,
암젠,AMGN,Amgen,NASDAQ,ko_manual,safe,,manual,
아나로그디바이스,ADI,Analog Devices,NASDAQ,ko_manual,safe,,manual,
아날로그디바이스,ADI,Analog Devices,NASDAQ,ko_manual,safe,,manual,
아나로그 디바이스,ADI,Analog Devices,NASDAQ,ko_manual,safe,,manual,
아날로그 디바이스,ADI,Analog Devices,NASDAQ,ko_manual,safe,,manual,
애플,AAPL,Apple Inc.,NASDAQ,ko_manual,safe,,manual,
어플라이드머티어리얼즈,AMAT,Applied Materials,NASDAQ,ko_manual,safe,,manual,
어플라이드머티어리얼스,AMAT,Applied Materials,NASDAQ,ko_manual,safe,,rule,즈->스 음차 변형 자동 파생
어플라이드 머티어리얼즈,AMAT,Applied Materials,NASDAQ,ko_manual,safe,,manual,
어플라이드 머티어리얼스,AMAT,Applied Materials,NASDAQ,ko_manual,safe,,rule,즈->스 음차 변형 자동 파생
어플라이드 머티리얼즈,AMAT,Applied Materials,NASDAQ,ko_manual,safe,,manual,
어플라이드머티리얼즈,AMAT,Applied Materials,NASDAQ,ko_manual,safe,,manual,space removed
어플라이드 머티리얼스,AMAT,Applied Materials,NASDAQ,ko_manual,safe,,rule,즈->스 음차 변형 자동 파생
어플라이드머티리얼스,AMAT,Applied Materials,NASDAQ,ko_manual,safe,,rule,"즈->스 음차 변형, 공백 제거"
앱러빈,APP,AppLovin,NASDAQ,ko_manual,safe,,manual,
암홀딩스,ARM,Arm Holdings,NASDAQ,ko_manual,safe,,manual,
ARM홀딩스,ARM,Arm Holdings,NASDAQ,ko_manual,safe,,manual,
Arm홀딩스,ARM,Arm Holdings,NASDAQ,ko_manual,safe,,manual,
암 홀딩스,ARM,Arm Holdings,NASDAQ,ko_manual,safe,,manual,
에이에스엠엘,ASML,ASML Holding,NASDAQ,ko_manual,safe,,manual,
아스테라랩스,ALAB,Astera Labs,NASDAQ,ko_manual,safe,,manual,
아스테라 랩스,ALAB,Astera Labs,NASDAQ,ko_manual,safe,,manual,
오토데스크,ADSK,Autodesk,NASDAQ,ko_manual,safe,,manual,
오토매틱데이터프로세싱,ADP,Automatic Data Processing,NASDAQ,ko_manual,safe,,manual,
오토매틱 데이터 프로세싱,ADP,Automatic Data Processing,NASDAQ,ko_manual,safe,,manual,
액손엔터프라이즈,AXON,Axon Enterprise,NASDAQ,ko_manual,safe,,manual,
액손엔터프라이스,AXON,Axon Enterprise,NASDAQ,ko_manual,safe,,rule,즈->스 음차 변형 자동 파생
액손 엔터프라이즈,AXON,Axon Enterprise,NASDAQ,ko_manual,safe,,manual,
액손 엔터프라이스,AXON,Axon Enterprise,NASDAQ,ko_manual,safe,,rule,즈->스 음차 변형 자동 파생
베이커휴즈,BKR,Baker Hughes,NASDAQ,ko_manual,safe,,manual,
베이커휴스,BKR,Baker Hughes,NASDAQ,ko_manual,safe,,rule,즈->스 음차 변형 자동 파생
베이커 휴즈,BKR,Baker Hughes,NASDAQ,ko_manual,safe,,manual,
베이커 휴스,BKR,Baker Hughes,NASDAQ,ko_manual,safe,,rule,즈->스 음차 변형 자동 파생
비케이알,BKR,Baker Hughes,NASDAQ,ko_manual,safe,,manual,
부킹홀딩스,BKNG,Booking Holdings,NASDAQ,ko_manual,safe,,manual,
부킹 홀딩스,BKNG,Booking Holdings,NASDAQ,ko_manual,safe,,manual,
부킹닷컴,BKNG,Booking Holdings,NASDAQ,ko_manual,safe,,manual,
Booking.com,BKNG,Booking Holdings,NASDAQ,ko_manual,safe,,manual,
브로드컴,AVGO,Broadcom,NASDAQ,ko_manual,safe,,manual,
케이던스,CDNS,Cadence Design Systems,NASDAQ,ko_manual,safe,,manual,
케이던스디자인시스템즈,CDNS,Cadence Design Systems,NASDAQ,ko_manual,safe,,manual,
케이던스디자인시스템스,CDNS,Cadence Design Systems,NASDAQ,ko_manual,safe,,rule,즈->스 음차 변형 자동 파생
케이던스 디자인 시스템즈,CDNS,Cadence Design Systems,NASDAQ,ko_manual,safe,,manual,
케이던스 디자인 시스템스,CDNS,Cadence Design Systems,NASDAQ,ko_manual,safe,,rule,즈->스 음차 변형 자동 파생
신타스,CTAS,Cintas,NASDAQ,ko_manual,safe,,manual,
시스코,CSCO,Cisco,NASDAQ,ko_manual,safe,,manual,
시스코시스템즈,CSCO,Cisco,NASDAQ,ko_manual,safe,,manual,
시스코시스템스,CSCO,Cisco,NASDAQ,ko_manual,safe,,rule,즈->스 음차 변형 자동 파생
시스코 시스템즈,CSCO,Cisco,NASDAQ,ko_manual,safe,,manual,
시스코 시스템스,CSCO,Cisco,NASDAQ,ko_manual,safe,,rule,즈->스 음차 변형 자동 파생
코카콜라유로퍼시픽,CCEP,Coca-Cola Europacific Partners,NASDAQ,ko_manual,safe,,manual,
코카콜라 유로퍼시픽,CCEP,Coca-Cola Europacific Partners,NASDAQ,ko_manual,safe,,manual,
코카콜라유로퍼시픽파트너스,CCEP,Coca-Cola Europacific Partners,NASDAQ,ko_manual,safe,,manual,
컴캐스트,CMCSA,Comcast,NASDAQ,ko_manual,safe,,manual,
콘스텔레이션에너지,CEG,Constellation Energy,NASDAQ,ko_manual,safe,,manual,
콘스텔레이션 에너지,CEG,Constellation Energy,NASDAQ,ko_manual,safe,,manual,
코파트,CPRT,Copart,NASDAQ,ko_manual,safe,,manual,
코어위브,CRWV,CoreWeave,NASDAQ,ko_manual,safe,,manual,
코스트코,COST,Costco,NASDAQ,ko_manual,safe,,manual,
크라우드스트라이크,CRWD,CrowdStrike,NASDAQ,ko_manual,safe,,manual,
데이터독,DDOG,Datadog,NASDAQ,ko_manual,safe,,manual,
덱스컴,DXCM,DexCom,NASDAQ,ko_manual,safe,,manual,
다이아몬드백에너지,FANG,Diamondback Energy,NASDAQ,ko_manual,safe,,manual,
다이아몬드백 에너지,FANG,Diamondback Energy,NASDAQ,ko_manual,safe,,manual,
도어대시,DASH,DoorDash,NASDAQ,ko_manual,safe,,manual,
엑셀론,EXC,Exelon,NASDAQ,ko_manual,safe,,manual,
패스널,FAST,Fastenal,NASDAQ,ko_manual,safe,,manual,
파스널,FAST,Fastenal,NASDAQ,ko_manual,safe,,manual,
페로비알,FER,Ferrovial,NASDAQ,ko_manual,safe,,manual,
포티넷,FTNT,Fortinet,NASDAQ,ko_manual,safe,,manual,
GE헬스케어,GEHC,GE HealthCare,NASDAQ,ko_manual,safe,,manual,
GE 헬스케어,GEHC,GE HealthCare,NASDAQ,ko_manual,safe,,manual,
길리어드,GILD,Gilead Sciences,NASDAQ,ko_manual,safe,,manual,
길리어드사이언스,GILD,Gilead Sciences,NASDAQ,ko_manual,safe,,manual,
길리어드 사이언스,GILD,Gilead Sciences,NASDAQ,ko_manual,safe,,manual,
길리어드사이언시스,GILD,Gilead Sciences,NASDAQ,ko_manual,safe,,manual,
Gilead,GILD,Gilead Sciences,NASDAQ,ko_manual,safe,,manual,
하니웰에어로스페이스,HONA,Honeywell Aerospace,NASDAQ,ko_manual,safe,,manual,
하니웰 에어로스페이스,HONA,Honeywell Aerospace,NASDAQ,ko_manual,safe,,manual,
하니웰,HON,Honeywell Technologies,NASDAQ,ko_manual,safe,,manual,
허니웰,HON,Honeywell Technologies,NASDAQ,ko_manual,safe,,manual,
아이덱스,IDXX,Idexx Laboratories,NASDAQ,ko_manual,safe,,manual,
아이덱스래버러토리스,IDXX,Idexx Laboratories,NASDAQ,ko_manual,safe,,manual,
인텔,INTC,Intel,NASDAQ,ko_manual,safe,,manual,
인튜이트,INTU,Intuit,NASDAQ,ko_manual,safe,,manual,
인튜이티브서지컬,ISRG,Intuitive Surgical,NASDAQ,ko_manual,safe,,manual,
인튜이티브 서지컬,ISRG,Intuitive Surgical,NASDAQ,ko_manual,safe,,manual,
큐리그닥터페퍼,KDP,Keurig Dr Pepper,NASDAQ,ko_manual,safe,,manual,
큐리그 닥터페퍼,KDP,Keurig Dr Pepper,NASDAQ,ko_manual,safe,,manual,
큐리그 닥터 페퍼,KDP,Keurig Dr Pepper,NASDAQ,ko_manual,safe,,manual,
케이엘에이,KLAC,KLA Corporation,NASDAQ,ko_manual,safe,,manual,
KLA코퍼레이션,KLAC,KLA Corporation,NASDAQ,ko_manual,safe,,manual,
크래프트하인즈,KHC,Kraft Heinz,NASDAQ,ko_manual,safe,,manual,
크래프트하인스,KHC,Kraft Heinz,NASDAQ,ko_manual,safe,,rule,즈->스 음차 변형 자동 파생
크래프트 하인즈,KHC,Kraft Heinz,NASDAQ,ko_manual,safe,,manual,
크래프트 하인스,KHC,Kraft Heinz,NASDAQ,ko_manual,safe,,rule,즈->스 음차 변형 자동 파생
램리서치,LRCX,Lam Research,NASDAQ,ko_manual,safe,,manual,
램 리서치,LRCX,Lam Research,NASDAQ,ko_manual,safe,,manual,
린데,LIN,Linde plc,NASDAQ,ko_manual,safe,,manual,
루멘텀,LITE,Lumentum,NASDAQ,ko_manual,safe,,manual,
메리어트,MAR,Marriott International,NASDAQ,ko_manual,safe,,manual,
메리어트인터내셔널,MAR,Marriott International,NASDAQ,ko_manual,safe,,manual,
메리어트 인터내셔널,MAR,Marriott International,NASDAQ,ko_manual,safe,,manual,
마벨,MRVL,Marvell Technology,NASDAQ,ko_manual,safe,,manual,
마벨테크놀로지,MRVL,Marvell Technology,NASDAQ,ko_manual,safe,,manual,
마벨 테크놀로지,MRVL,Marvell Technology,NASDAQ,ko_manual,safe,,manual,
메르카도리브레,MELI,Mercado Libre,NASDAQ,ko_manual,safe,,manual,
메르카도 리브레,MELI,Mercado Libre,NASDAQ,ko_manual,safe,,manual,
메타플랫폼스,META,Meta Platforms,NASDAQ,ko_manual,safe,,manual,
메타 플랫폼스,META,Meta Platforms,NASDAQ,ko_manual,safe,,manual,
메타플랫폼,META,Meta Platforms,NASDAQ,ko_manual,safe,,manual,
마이크로칩테크놀로지,MCHP,Microchip Technology,NASDAQ,ko_manual,safe,,manual,
마이크로칩 테크놀로지,MCHP,Microchip Technology,NASDAQ,ko_manual,safe,,manual,
마이크론,MU,Micron Technology,NASDAQ,ko_manual,safe,,manual,
마이크론테크놀로지,MU,Micron Technology,NASDAQ,ko_manual,safe,,manual,
마이크론 테크놀로지,MU,Micron Technology,NASDAQ,ko_manual,safe,,manual,
마이크로소프트,MSFT,Microsoft,NASDAQ,ko_manual,safe,,manual,
마이크로 소프트,MSFT,Microsoft,NASDAQ,ko_manual,safe,,manual,
마이크로스트래티지,MSTR,MicroStrategy,NASDAQ,ko_manual,safe,,manual,
마이크로스트레티지,MSTR,MicroStrategy,NASDAQ,ko_manual,safe,,manual,
스트래티지,MSTR,MicroStrategy,NASDAQ,ko_manual,safe,,manual,
Strategy Inc,MSTR,MicroStrategy,NASDAQ,ko_manual,safe,,manual,
StrategyInc,MSTR,MicroStrategy,NASDAQ,ko_manual,safe,,manual,space removed
"Strategy, Inc.",MSTR,MicroStrategy,NASDAQ,ko_manual,safe,,manual,
"Strategy,Inc.",MSTR,MicroStrategy,NASDAQ,ko_manual,safe,,manual,space removed
몬델리즈,MDLZ,Mondelez International,NASDAQ,ko_manual,safe,,manual,
몬델리스,MDLZ,Mondelez International,NASDAQ,ko_manual,safe,,rule,즈->스 음차 변형 자동 파생
몬델리즈인터내셔널,MDLZ,Mondelez International,NASDAQ,ko_manual,safe,,manual,
모놀리식파워시스템즈,MPWR,Monolithic Power Systems,NASDAQ,ko_manual,safe,,manual,
모놀리식파워시스템스,MPWR,Monolithic Power Systems,NASDAQ,ko_manual,safe,,rule,즈->스 음차 변형 자동 파생
모놀리식 파워 시스템즈,MPWR,Monolithic Power Systems,NASDAQ,ko_manual,safe,,manual,
모놀리식 파워 시스템스,MPWR,Monolithic Power Systems,NASDAQ,ko_manual,safe,,rule,즈->스 음차 변형 자동 파생
몬스터베버리지,MNST,Monster Beverage,NASDAQ,ko_manual,safe,,manual,
몬스터 베버리지,MNST,Monster Beverage,NASDAQ,ko_manual,safe,,manual,
네비우스,NBIS,Nebius Group,NASDAQ,ko_manual,safe,,manual,
네비우스그룹,NBIS,Nebius Group,NASDAQ,ko_manual,safe,,manual,
넷플릭스,NFLX,"Netflix, Inc.",NASDAQ,ko_manual,safe,,manual,
엔비디아,NVDA,Nvidia,NASDAQ,ko_manual,safe,,manual,
NVIDIA,NVDA,Nvidia,NASDAQ,ko_manual,safe,,manual,
NXP,NXPI,NXP Semiconductors,NASDAQ,ko_manual,safe,,manual,
NXP반도체,NXPI,NXP Semiconductors,NASDAQ,ko_manual,safe,,manual,
NXP 반도체,NXPI,NXP Semiconductors,NASDAQ,ko_manual,safe,,manual,
NXP세미컨덕터,NXPI,NXP Semiconductors,NASDAQ,ko_manual,safe,,manual,
오라일리오토모티브,ORLY,O'Reilly Automotive,NASDAQ,ko_manual,safe,,manual,
오라일리 오토모티브,ORLY,O'Reilly Automotive,NASDAQ,ko_manual,safe,,manual,
올드도미니언,ODFL,Old Dominion Freight Line,NASDAQ,ko_manual,safe,,manual,
올드 도미니언,ODFL,Old Dominion Freight Line,NASDAQ,ko_manual,safe,,manual,
올드도미니언프레이트라인,ODFL,Old Dominion Freight Line,NASDAQ,ko_manual,safe,,manual,
팩카,PCAR,Paccar,NASDAQ,ko_manual,safe,,manual,
파카,PCAR,Paccar,NASDAQ,ko_manual,safe,,manual,
팔란티어,PLTR,Palantir Technologies,NASDAQ,ko_manual,safe,,manual,
팔란티어테크놀로지스,PLTR,Palantir Technologies,NASDAQ,ko_manual,safe,,manual,
팔란티어 테크놀로지스,PLTR,Palantir Technologies,NASDAQ,ko_manual,safe,,manual,
팰로앨토네트웍스,PANW,Palo Alto Networks,NASDAQ,ko_manual,safe,,manual,
팰로앨토 네트웍스,PANW,Palo Alto Networks,NASDAQ,ko_manual,safe,,manual,
팔로알토네트웍스,PANW,Palo Alto Networks,NASDAQ,ko_manual,safe,,manual,
팔로알토 네트웍스,PANW,Palo Alto Networks,NASDAQ,ko_manual,safe,,manual,
팰로앨토네트워크스,PANW,Palo Alto Networks,NASDAQ,ko_manual,safe,,manual,
페이첵스,PAYX,Paychex,NASDAQ,ko_manual,safe,,manual,
페이팔,PYPL,PayPal,NASDAQ,ko_manual,safe,,manual,
PDD홀딩스,PDD,PDD Holdings,NASDAQ,ko_manual,safe,,manual,
PDD 홀딩스,PDD,PDD Holdings,NASDAQ,ko_manual,safe,,manual,
핀둬둬,PDD,PDD Holdings,NASDAQ,ko_manual,safe,,manual,
핀두오두오,PDD,PDD Holdings,NASDAQ,ko_manual,safe,,manual,
테무,PDD,PDD Holdings,NASDAQ,ko_manual,safe,,manual,
Temu,PDD,PDD Holdings,NASDAQ,ko_manual,safe,,manual,
Pinduoduo,PDD,PDD Holdings,NASDAQ,ko_manual,safe,,manual,
펩시코,PEP,PepsiCo,NASDAQ,ko_manual,safe,,manual,
펩시,PEP,PepsiCo,NASDAQ,ko_manual,safe,,manual,
퀄컴,QCOM,Qualcomm,NASDAQ,ko_manual,safe,,manual,
리제네론,REGN,Regeneron Pharmaceuticals,NASDAQ,ko_manual,safe,,manual,
리제네론파마슈티컬스,REGN,Regeneron Pharmaceuticals,NASDAQ,ko_manual,safe,,manual,
로켓랩,RKLB,Rocket Lab,NASDAQ,ko_manual,safe,,manual,
로켓 랩,RKLB,Rocket Lab,NASDAQ,ko_manual,safe,,manual,
로퍼테크놀로지스,ROP,Roper Technologies,NASDAQ,ko_manual,safe,,manual,
로퍼 테크놀로지스,ROP,Roper Technologies,NASDAQ,ko_manual,safe,,manual,
로스스토어즈,ROST,Ross Stores,NASDAQ,ko_manual,safe,,manual,
로스스토어스,ROST,Ross Stores,NASDAQ,ko_manual,safe,,rule,즈->스 음차 변형 자동 파생
로스 스토어즈,ROST,Ross Stores,NASDAQ,ko_manual,safe,,manual,
로스 스토어스,ROST,Ross Stores,NASDAQ,ko_manual,safe,,rule,즈->스 음차 변형 자동 파생
샌디스크,SNDK,Sandisk,NASDAQ,ko_manual,safe,,manual,
시게이트,STX,Seagate Technology,NASDAQ,ko_manual,safe,,manual,
씨게이트,STX,Seagate Technology,NASDAQ,ko_manual,safe,,manual,
시게이트테크놀로지,STX,Seagate Technology,NASDAQ,ko_manual,safe,,manual,
쇼피파이,SHOP,Shopify,NASDAQ,ko_manual,safe,,manual,
스페이스X,SPCX,SpaceX,NASDAQ,ko_manual,safe,,manual,
스페이스엑스,SPCX,SpaceX,NASDAQ,ko_manual,safe,,manual,
스타벅스,SBUX,Starbucks,NASDAQ,ko_manual,safe,,manual,
시놉시스,SNPS,Synopsys,NASDAQ,ko_manual,safe,,manual,
T모바일,TMUS,T-Mobile US,NASDAQ,ko_manual,safe,,manual,
티모바일,TMUS,T-Mobile US,NASDAQ,ko_manual,safe,,manual,
T-모바일,TMUS,T-Mobile US,NASDAQ,ko_manual,safe,,manual,
T-Mobile,TMUS,T-Mobile US,NASDAQ,ko_manual,safe,,manual,
테이크투,TTWO,Take-Two Interactive,NASDAQ,ko_manual,safe,,manual,
테이크투인터랙티브,TTWO,Take-Two Interactive,NASDAQ,ko_manual,safe,,manual,
테이크투 인터랙티브,TTWO,Take-Two Interactive,NASDAQ,ko_manual,safe,,manual,
테이크-투,TTWO,Take-Two Interactive,NASDAQ,ko_manual,safe,,manual,
테라다인,TER,Teradyne,NASDAQ,ko_manual,safe,,manual,
테슬라,TSLA,"Tesla, Inc.",NASDAQ,ko_manual,safe,,manual,
텍사스인스트루먼트,TXN,Texas Instruments,NASDAQ,ko_manual,safe,,manual,
텍사스 인스트루먼트,TXN,Texas Instruments,NASDAQ,ko_manual,safe,,manual,
텍사스인스트루먼츠,TXN,Texas Instruments,NASDAQ,ko_manual,safe,,manual,
톰슨로이터,TRI,Thomson Reuters,NASDAQ,ko_manual,safe,,manual,
톰슨 로이터,TRI,Thomson Reuters,NASDAQ,ko_manual,safe,,manual,
버텍스파마슈티컬스,VRTX,Vertex Pharmaceuticals,NASDAQ,ko_manual,safe,,manual,
버텍스 파마슈티컬스,VRTX,Vertex Pharmaceuticals,NASDAQ,ko_manual,safe,,manual,
버텍스제약,VRTX,Vertex Pharmaceuticals,NASDAQ,ko_manual,safe,,manual,
월마트,WMT,Walmart,NASDAQ,ko_manual,safe,,manual,
워너브라더스디스커버리,WBD,Warner Bros. Discovery,NASDAQ,ko_manual,safe,,manual,
워너브라더스 디스커버리,WBD,Warner Bros. Discovery,NASDAQ,ko_manual,safe,,manual,
워너브러더스디스커버리,WBD,Warner Bros. Discovery,NASDAQ,ko_manual,safe,,manual,
워너브러더스 디스커버리,WBD,Warner Bros. Discovery,NASDAQ,ko_manual,safe,,manual,
워너브라더스,WBD,Warner Bros. Discovery,NASDAQ,ko_manual,safe,,manual,
워너브러더스,WBD,Warner Bros. Discovery,NASDAQ,ko_manual,safe,,manual,
워너브로스디스커버리,WBD,Warner Bros. Discovery,NASDAQ,ko_manual,safe,,manual,
워너브로스 디스커버리,WBD,Warner Bros. Discovery,NASDAQ,ko_manual,safe,,manual,
워너브로스,WBD,Warner Bros. Discovery,NASDAQ,ko_manual,safe,,manual,
Warner Bros,WBD,Warner Bros. Discovery,NASDAQ,ko_manual,safe,,manual,
WarnerBros,WBD,Warner Bros. Discovery,NASDAQ,ko_manual,safe,,manual,space removed
웨스턴디지털,WDC,Western Digital,NASDAQ,ko_manual,safe,,manual,
웨스턴 디지털,WDC,Western Digital,NASDAQ,ko_manual,safe,,manual,
워크데이,WDAY,"Workday, Inc.",NASDAQ,ko_manual,safe,,manual,
엑셀에너지,XEL,Xcel Energy,NASDAQ,ko_manual,safe,,manual,
엑셀 에너지,XEL,Xcel Energy,NASDAQ,ko_manual,safe,,manual,
삼전,005930,삼성전자,KOSPI,ko_manual,safe,,manual,
하닉,000660,SK하이닉스,KOSPI,ko_manual,safe,,manual,
하이닉스,000660,SK하이닉스,KOSPI,ko_manual,safe,,manual,
SK HYNIX,000660,SK하이닉스,KOSPI,en_manual,safe,,manual,
Samsung Electro-Mechanics,009150,삼성전기,KOSPI,en_manual,safe,,manual,
LG엔솔,373220,LG에너지솔루션,KOSPI,ko_manual,safe,,manual,
엘지에너지솔루션,373220,LG에너지솔루션,KOSPI,ko_manual,safe,,manual,
LGES,373220,LG에너지솔루션,KOSPI,en_manual,safe,,manual,
현대자동차,005380,현대차,KOSPI,ko_manual,safe,,manual,
Hyundai Motor,005380,현대차,KOSPI,en_manual,safe,,manual,
Hyundai Motor Company,005380,현대차,KOSPI,en_manual,safe,,manual,
Hyundai Motor Co,005380,현대차,KOSPI,en_manual,safe,,manual,
삼바,207940,삼성바이오로직스,KOSPI,ko_manual,safe,,manual,
삼성바이오,207940,삼성바이오로직스,KOSPI,ko_manual,safe,,manual,
KB금융지주,105560,KB금융,KOSPI,ko_manual,safe,,manual,자회사 은행 포함
KB금융그룹,105560,KB금융,KOSPI,ko_manual,safe,,manual,자회사 은행 포함
KB국민은행,105560,KB금융,KOSPI,ko_manual,safe,,manual,자회사 은행 포함
국민은행,105560,KB금융,KOSPI,ko_manual,safe,,manual,자회사 은행 포함
KB Financial Group,105560,KB금융,KOSPI,en_manual,safe,,manual,자회사 은행 포함
삼성생명보험,032830,삼성생명,KOSPI,ko_manual,safe,,manual,
Samsung Life,032830,삼성생명,KOSPI,en_manual,safe,,manual,
한화에어로,012450,한화에어로스페이스,KOSPI,ko_manual,safe,,manual,
신한금융지주,055550,신한지주,KOSPI,ko_manual,safe,,manual,자회사 은행 포함
신한금융지주회사,055550,신한지주,KOSPI,ko_manual,safe,,manual,자회사 은행 포함
신한금융그룹,055550,신한지주,KOSPI,ko_manual,safe,,manual,자회사 은행 포함
신한금융,055550,신한지주,KOSPI,ko_manual,safe,,manual,자회사 은행 포함
신한은행,055550,신한지주,KOSPI,ko_manual,safe,,manual,자회사 은행 포함
Shinhan Financial Group,055550,신한지주,KOSPI,en_manual,safe,,manual,자회사 은행 포함
두산에너빌,034020,두산에너빌리티,KOSPI,ko_manual,safe,,manual,
기아차,000270,기아,KOSPI,ko_manual,safe,,manual,
기아자동차,000270,기아,KOSPI,ko_manual,safe,,manual,
Kia,000270,기아,KOSPI,en_manual,safe,,manual,
Kia Corp,000270,기아,KOSPI,en_manual,safe,,manual,
Kia Corporation,000270,기아,KOSPI,en_manual,safe,,manual,
Kia Motors,000270,기아,KOSPI,en_manual,safe,,manual,
현대중공업,329180,HD현대중공업,KOSPI,ko_manual,safe,,manual,
HD Hyundai Heavy,329180,HD현대중공업,KOSPI,en_manual,safe,,manual,
삼성에스디아이,006400,삼성SDI,KOSPI,ko_manual,safe,,manual,
모비스,012330,현대모비스,KOSPI,ko_manual,safe,,manual,
하나금융,086790,하나금융지주,KOSPI,ko_manual,safe,,manual,자회사 은행 포함
하나금융그룹,086790,하나금융지주,KOSPI,ko_manual,safe,,manual,자회사 은행 포함
하나은행,086790,하나금융지주,KOSPI,ko_manual,safe,,manual,자회사 은행 포함
Hana Financial Group,086790,하나금융지주,KOSPI,en_manual,safe,,manual,자회사 은행 포함
엘지전자,066570,LG전자,KOSPI,ko_manual,safe,,manual,
네이버,035420,NAVER,KOSPI,ko_manual,safe,,manual,
삼성화재해상보험,000810,삼성화재,KOSPI,ko_manual,safe,,manual,
Samsung Fire & Marine,000810,삼성화재,KOSPI,en_manual,safe,,manual,
Samsung Fire,000810,삼성화재,KOSPI,en_manual,safe,,manual,
HD현대건설기계,267270,HD건설기계,KOSPI,ko_manual,safe,,manual,합병 전 사명 포함
현대건설기계,267270,HD건설기계,KOSPI,ko_manual,safe,,manual,합병 전 사명 포함
HD현대인프라코어,267270,HD건설기계,KOSPI,ko_manual,safe,,manual,합병 전 사명 포함
HD Hyundai Construction Equipment,267270,HD건설기계,KOSPI,en_manual,safe,,manual,합병 전 사명 포함
HD Hyundai Infracore,267270,HD건설기계,KOSPI,en_manual,safe,,manual,합병 전 사명 포함
LS일렉트릭,010120,LS ELECTRIC,KOSPI,ko_manual,safe,,manual,
LS 일렉트릭,010120,LS ELECTRIC,KOSPI,ko_manual,safe,,manual,
LS산전,010120,LS ELECTRIC,KOSPI,ko_manual,safe,,manual,
포스코홀딩스,005490,POSCO홀딩스,KOSPI,ko_manual,safe,,manual,
POSCO Holdings,005490,POSCO홀딩스,KOSPI,en_manual,safe,,manual,
대우조선해양,042660,한화오션,KOSPI,ko_manual,safe,,manual,구사명 포함
현대일렉트릭,267260,HD현대일렉트릭,KOSPI,ko_manual,safe,,manual,
Korea Zinc,010130,고려아연,KOSPI,en_manual,safe,,manual,
우리금융,316140,우리금융지주,KOSPI,ko_manual,safe,,manual,자회사 은행 포함
우리금융그룹,316140,우리금융지주,KOSPI,ko_manual,safe,,manual,자회사 은행 포함
우리은행,316140,우리금융지주,KOSPI,ko_manual,safe,,manual,자회사 은행 포함
Woori Financial Group,316140,우리금융지주,KOSPI,en_manual,safe,,manual,자회사 은행 포함
한국조선해양,009540,HD한국조선해양,KOSPI,ko_manual,safe,,manual,
HD Korea Shipbuilding,009540,HD한국조선해양,KOSPI,en_manual,safe,,manual,
HD KSOE,009540,HD한국조선해양,KOSPI,en_manual,safe,,manual,
SK이노,096770,SK이노베이션,KOSPI,ko_manual,safe,,manual,
한전,015760,한국전력,KOSPI,ko_manual,safe,,manual,
한국전력공사,015760,한국전력,KOSPI,ko_manual,safe,,manual,
KEPCO,015760,한국전력,KOSPI,en_manual,safe,,manual,
현대상선,011200,HMM,KOSPI,ko_manual,safe,,manual,구사명 포함
SKT,017670,SK텔레콤,KOSPI,en_manual,safe,,manual,
엘지화학,051910,LG화학,KOSPI,ko_manual,safe,,manual,
Samsung Heavy,010140,삼성중공업,KOSPI,en_manual,safe,,manual,
에쓰오일,010950,S-Oil,KOSPI,ko_manual,safe,,manual,
에스오일,010950,S-Oil,KOSPI,ko_manual,safe,,manual,
S-OIL,010950,S-Oil,KOSPI,en_manual,safe,,manual,
에쓰-오일,010950,S-Oil,KOSPI,ko_manual,safe,,manual,
LG Corp,003550,LG,KOSPI,en_manual,safe,,manual,그룹 동일명 지주사
삼성SDS,018260,삼성에스디에스,KOSPI,ko_manual,safe,,manual,
Doosan Corp,000150,두산,KOSPI,en_manual,safe,,manual,그룹 동일명 지주사
케이티앤지,033780,KT&G,KOSPI,ko_manual,safe,,manual,
IBK기업은행,024110,기업은행,KOSPI,ko_manual,safe,,manual,
IBK,024110,기업은행,KOSPI,en_manual,safe,,manual,
Industrial Bank of Korea,024110,기업은행,KOSPI,en_manual,safe,,manual,
포스코케미칼,003670,포스코퓨처엠,KOSPI,ko_manual,safe,,manual,구사명 포함
POSCO Future M,003670,포스코퓨처엠,KOSPI,en_manual,safe,,manual,구사명 포함
Kakao Corp,035720,카카오,KOSPI,en_manual,safe,,manual,
글로비스,086280,현대글로비스,KOSPI,ko_manual,safe,,manual,
LIG넥스원,079550,LIG디펜스앤에어로스페이스,KOSPI,ko_manual,safe,,manual,구사명 포함
LIG Nex1,079550,LIG디펜스앤에어로스페이스,KOSPI,en_manual,safe,,manual,구사명 포함
Hyundai Rotem,064350,현대로템,KOSPI,en_manual,safe,,manual,
KT Corp,030200,KT,KOSPI,en_manual,safe,,manual,케이티는 인명(케이티 맥낼리)과 충돌해 제외
KT Corporation,030200,KT,KOSPI,en_manual,safe,,manual,케이티는 인명(케이티 맥낼리)과 충돌해 제외
Korea Telecom,030200,KT,KOSPI,en_manual,safe,,manual,케이티는 인명(케이티 맥낼리)과 충돌해 제외
Hyundai E&C,000720,현대건설,KOSPI,en_manual,safe,,manual,
DB손보,005830,DB손해보험,KOSPI,ko_manual,safe,,manual,
KAI,047810,한국항공우주,KOSPI,en_manual,safe,,manual,
한국항공우주산업,047810,한국항공우주,KOSPI,ko_manual,safe,,manual,
GS Holdings,078930,GS,KOSPI,en_manual,safe,,manual,그룹 동일명 지주사
Korean Air,003490,대한항공,KOSPI,en_manual,safe,,manual,
Hyundai AutoEver,307950,현대오토에버,KOSPI,en_manual,safe,,manual,
한국투자증권,071050,한국금융지주,KOSPI,ko_manual,safe,,manual,자회사 포함
한투,071050,한국금융지주,KOSPI,ko_manual,safe,,manual,자회사 포함
한국투자금융지주,071050,한국금융지주,KOSPI,ko_manual,safe,,manual,자회사 포함
Korea Investment Holdings,071050,한국금융지주,KOSPI,en_manual,safe,,manual,자회사 포함
Korea Investment & Securities,071050,한국금융지주,KOSPI,en_manual,safe,,manual,자회사 포함
카뱅,323410,카카오뱅크,KOSPI,ko_manual,safe,,manual,
Kakao Bank,323410,카카오뱅크,KOSPI,en_manual,safe,,manual,
포스코인터,047050,포스코인터내셔널,KOSPI,ko_manual,safe,,manual,
POSCO International,047050,포스코인터내셔널,KOSPI,en_manual,safe,,manual,
Hanjin KAL,180640,한진칼,KOSPI,en_manual,safe,,manual,
LS Corp,006260,LS,KOSPI,en_manual,safe,,manual,그룹 동일명 지주사
삼성에피스,0126Z0,삼성에피스홀딩스,KOSPI,ko_manual,safe,,manual,
삼성바이오에피스,0126Z0,삼성에피스홀딩스,KOSPI,ko_manual,safe,,manual,
Samsung Epis Holdings,0126Z0,삼성에피스홀딩스,KOSPI,en_manual,safe,,manual,
Samsung Bioepis,0126Z0,삼성에피스홀딩스,KOSPI,en_manual,safe,,manual,
삼성이앤에이,028050,삼성E&A,KOSPI,ko_manual,safe,,manual,구사명 포함
삼성엔지니어링,028050,삼성E&A,KOSPI,ko_manual,safe,,manual,구사명 포함
아모레,090430,아모레퍼시픽,KOSPI,ko_manual,safe,,manual,
AmorePacific,090430,아모레퍼시픽,KOSPI,en_manual,safe,,manual,
한국타이어,161390,한국타이어앤테크놀로지,KOSPI,ko_manual,safe,,manual,
Hankook Tire,161390,한국타이어앤테크놀로지,KOSPI,en_manual,safe,,manual,
Isu Petasys,007660,이수페타시스,KOSPI,en_manual,safe,,manual,
빅히트,352820,하이브,KOSPI,ko_manual,safe,,manual,구사명 포함
빅히트엔터테인먼트,352820,하이브,KOSPI,ko_manual,safe,,manual,구사명 포함
Hanwha Corp,000880,한화,KOSPI,en_manual,safe,,manual,그룹 동일명 지주사. ㈜ 표기는 지주사 자체를 가리킴
㈜한화,000880,한화,KOSPI,ko_manual,safe,,manual,그룹 동일명 지주사. ㈜ 표기는 지주사 자체를 가리킴
(주)한화,000880,한화,KOSPI,ko_manual,safe,,manual,그룹 동일명 지주사. ㈜ 표기는 지주사 자체를 가리킴
한화 주식회사,000880,한화,KOSPI,ko_manual,safe,,manual,그룹 동일명 지주사. ㈜ 표기는 지주사 자체를 가리킴
LGCNS,064400,LG씨엔에스,KOSPI,en_manual,safe,,manual,
엘지씨엔에스,064400,LG씨엔에스,KOSPI,ko_manual,safe,,manual,
Daewoo E&C,047040,대우건설,KOSPI,en_manual,safe,,manual,
SK Biopharm,326030,SK바이오팜,KOSPI,en_manual,safe,,manual,
KakaoPay,377300,카카오페이,KOSPI,en_manual,safe,,manual,
Kakao Pay,377300,카카오페이,KOSPI,en_manual,safe,,manual,
LGU+,032640,LG유플러스,KOSPI,en_manual,safe,,manual,
LG U+,032640,LG유플러스,KOSPI,en_manual,safe,,manual,
엘지유플러스,032640,LG유플러스,KOSPI,ko_manual,safe,,manual,
Yuhan Corporation,000100,유한양행,KOSPI,en_manual,safe,,manual,
Hanmi Pharmaceutical,128940,한미약품,KOSPI,en_manual,safe,,manual,
JB금융,175330,JB금융지주,KOSPI,ko_manual,safe,,manual,자회사 은행 포함
전북은행,175330,JB금융지주,KOSPI,ko_manual,safe,,manual,자회사 은행 포함
광주은행,175330,JB금융지주,KOSPI,ko_manual,safe,,manual,자회사 은행 포함
한화생명보험,088350,한화생명,KOSPI,ko_manual,safe,,manual,
Hanwha Life,088350,한화생명,KOSPI,en_manual,safe,,manual,
Orion Corp,271560,오리온,KOSPI,en_manual,safe,,manual,
맥쿼리한국인프라투융자회사,088980,맥쿼리인프라,KOSPI,ko_manual,safe,,manual,
Macquarie Korea Infrastructure,088980,맥쿼리인프라,KOSPI,en_manual,safe,,manual,
삼성,,,,group,needs_context,SAMSUNG,manual,그룹명 단독. 계열사 없으면 미확정
Samsung,,,,group,needs_context,SAMSUNG,manual,
삼성그룹,,,,group,needs_context,SAMSUNG,manual,
현대,,,,group,needs_context,HYUNDAI,manual,현대차/HD현대/현대건설 등 다수 그룹
Hyundai,,,,group,needs_context,HYUNDAI,manual,
현대차그룹,005380,현대차,KOSPI,group,needs_context,HYUNDAI_MOTOR,manual,
Hyundai Motor Group,005380,현대차,KOSPI,group,needs_context,HYUNDAI_MOTOR,manual,
HD현대그룹,267250,HD현대,KOSPI,group,needs_context,HD_HYUNDAI,manual,
LG,003550,LG,KOSPI,group,needs_context,LG,manual,지주사 동일명
LG그룹,003550,LG,KOSPI,group,needs_context,LG,manual,
LG Group,003550,LG,KOSPI,group,needs_context,LG,manual,
SK,034730,SK,KOSPI,group,needs_context,SK,manual,지주사 동일명
SK그룹,034730,SK,KOSPI,group,needs_context,SK,manual,
SK Group,034730,SK,KOSPI,group,needs_context,SK,manual,
GS,078930,GS,KOSPI,group,needs_context,GS,manual,지주사 동일명
GS그룹,078930,GS,KOSPI,group,needs_context,GS,manual,
LS,006260,LS,KOSPI,group,needs_context,LS,manual,지주사 동일명
LS그룹,006260,LS,KOSPI,group,needs_context,LS,manual,
한화,000880,한화,KOSPI,group,needs_context,HANWHA,manual,지주사 동일명
한화그룹,000880,한화,KOSPI,group,needs_context,HANWHA,manual,
두산,000150,두산,KOSPI,group,needs_context,DOOSAN,manual,지주사 동일명
두산그룹,000150,두산,KOSPI,group,needs_context,DOOSAN,manual,
포스코,005490,POSCO홀딩스,KOSPI,group,needs_context,POSCO,manual,철강 자회사 POSCO(비상장)와 혼용
포스코그룹,005490,POSCO홀딩스,KOSPI,group,needs_context,POSCO,manual,
미래에셋,006800,미래에셋증권,KOSPI,group,needs_context,MIRAE,manual,
카카오그룹,035720,카카오,KOSPI,group,needs_context,KAKAO,manual,
KB,105560,KB금융,KOSPI,group,needs_context,KB,manual,
신한,055550,신한지주,KOSPI,group,needs_context,SHINHAN,manual,
셀트리온그룹,068270,셀트리온,KOSPI,group,needs_context,CELLTRION,manual,
한진,180640,한진칼,KOSPI,group,needs_context,HANJIN,manual,
MS,MSFT,Microsoft,NASDAQ,group,needs_context,MSFT,manual,영문 약어. 문맥 없으면 미확정
Meta,META,Meta Platforms,NASDAQ,group,needs_context,META,manual,
메타,META,Meta Platforms,NASDAQ,group,needs_context,META,manual,
Arm,ARM,Arm Holdings,NASDAQ,group,needs_context,ARM,manual,
알파벳,,,,group,needs_context,ALPHABET,manual,"한글 '알파벳'은 문자 의미와 충돌. 구글 동반 시 흡수, 단독은 미확정"
페이스북,META,Meta Platforms,NASDAQ,product,product,,manual,"SNS 플랫폼. ""의원이 페이스북에 글을 올렸다""는 기업 언급이 아님 (국내 17.5만 건)"
Facebook,META,Meta Platforms,NASDAQ,product,product,,manual,
인스타그램,META,Meta Platforms,NASDAQ,product,product,,manual,
Instagram,META,Meta Platforms,NASDAQ,product,product,,manual,
인스타,META,Meta Platforms,NASDAQ,product,product,,manual,
왓츠앱,META,Meta Platforms,NASDAQ,product,product,,manual,
WhatsApp,META,Meta Platforms,NASDAQ,product,product,,manual,
스레드,META,Meta Platforms,NASDAQ,product,product,,manual,
유튜브,GOOGL,Alphabet Inc. (Class A),NASDAQ,product,product,,manual,
YouTube,GOOGL,Alphabet Inc. (Class A),NASDAQ,product,product,,manual,
안드로이드,GOOGL,Alphabet Inc. (Class A),NASDAQ,product,product,,manual,
Android,GOOGL,Alphabet Inc. (Class A),NASDAQ,product,product,,manual,
크롬,GOOGL,Alphabet Inc. (Class A),NASDAQ,product,product,,manual,
지메일,GOOGL,Alphabet Inc. (Class A),NASDAQ,product,product,,manual,
아이폰,AAPL,Apple Inc.,NASDAQ,product,product,,manual,
iPhone,AAPL,Apple Inc.,NASDAQ,product,product,,manual,
아이패드,AAPL,Apple Inc.,NASDAQ,product,product,,manual,
iPad,AAPL,Apple Inc.,NASDAQ,product,product,,manual,
맥북,AAPL,Apple Inc.,NASDAQ,product,product,,manual,
MacBook,AAPL,Apple Inc.,NASDAQ,product,product,,manual,
애플워치,AAPL,Apple Inc.,NASDAQ,product,product,,manual,
에어팟,AAPL,Apple Inc.,NASDAQ,product,product,,manual,
앱스토어,AAPL,Apple Inc.,NASDAQ,product,product,,manual,
윈도우,MSFT,Microsoft,NASDAQ,product,product,,manual,
Windows,MSFT,Microsoft,NASDAQ,product,product,,manual,
엑스박스,MSFT,Microsoft,NASDAQ,product,product,,manual,
Xbox,MSFT,Microsoft,NASDAQ,product,product,,manual,
링크드인,MSFT,Microsoft,NASDAQ,product,product,,manual,
LinkedIn,MSFT,Microsoft,NASDAQ,product,product,,manual,
챗GPT,MSFT,Microsoft,NASDAQ,product,product,,manual,OpenAI 제품. MS 투자사라 약한 신호로만
갤럭시,005930,삼성전자,KOSPI,product,product,,manual,
Galaxy,005930,삼성전자,KOSPI,product,product,,manual,
카카오톡,035720,카카오,KOSPI,product,product,,manual,
카톡,035720,카카오,KOSPI,product,product,,manual,
카카오T,035720,카카오,KOSPI,product,product,,manual,
배틀그라운드,259960,크래프톤,KOSPI,product,product,,manual,
PUBG,259960,크래프톤,KOSPI,product,product,,manual,
알렉사,AMZN,Amazon,NASDAQ,product,product,,manual,
AWS,AMZN,Amazon,NASDAQ,product,product,,manual,
Amazon Web Services,AMZN,Amazon,NASDAQ,product,product,,manual,
프라임비디오,AMZN,Amazon,NASDAQ,product,product,,manual,
Prime Video,AMZN,Amazon,NASDAQ,product,product,,manual,
넷플릭스 오리지널,NFLX,"Netflix, Inc.",NASDAQ,product,product,,manual,
Bing,MSFT,Microsoft,NASDAQ,product,product,,manual,
반도체,,반도체,,industry,industry,SEMI,manual,
반도체 산업,,반도체,,industry,industry,SEMI,manual,
반도체산업,,반도체,,industry,industry,SEMI,manual,
반도체 업황,,반도체,,industry,industry,SEMI,manual,
반도체업황,,반도체,,industry,industry,SEMI,manual,
반도체 업계,,반도체,,industry,industry,SEMI,manual,
반도체업계,,반도체,,industry,industry,SEMI,manual,
반도체주,,반도체,,industry,industry,SEMI,manual,
반도체 종목,,반도체,,industry,industry,SEMI,manual,
반도체 수출,,반도체,,industry,industry,SEMI,manual,
메모리 반도체,,반도체,,industry,industry,SEMI,manual,
메모리반도체,,반도체,,industry,industry,SEMI,manual,
시스템 반도체,,반도체,,industry,industry,SEMI,manual,
파운드리,,반도체,,industry,industry,SEMI,manual,
HBM,,반도체,,industry,industry,SEMI,manual,
D램,,반도체,,industry,industry,SEMI,manual,
DRAM,,반도체,,industry,industry,SEMI,manual,
낸드,,반도체,,industry,industry,SEMI,manual,
NAND,,반도체,,industry,industry,SEMI,manual,
반도체 장비,,반도체,,industry,industry,SEMI,manual,
반도체장비,,반도체,,industry,industry,SEMI,manual,
semiconductor,,반도체,,industry,industry,SEMI,manual,
semiconductors,,반도체,,industry,industry,SEMI,manual,
chipmaker,,반도체,,industry,industry,SEMI,manual,
chipmakers,,반도체,,industry,industry,SEMI,manual,
chip industry,,반도체,,industry,industry,SEMI,manual,
memory chip,,반도체,,industry,industry,SEMI,manual,
전자부품,,전자부품·하드웨어,,industry,industry,HW,manual,
전자부품 업계,,전자부품·하드웨어,,industry,industry,HW,manual,
가전 업계,,전자부품·하드웨어,,industry,industry,HW,manual,
가전업계,,전자부품·하드웨어,,industry,industry,HW,manual,
가전 시장,,전자부품·하드웨어,,industry,industry,HW,manual,
스마트폰 시장,,전자부품·하드웨어,,industry,industry,HW,manual,
PC 시장,,전자부품·하드웨어,,industry,industry,HW,manual,
MLCC,,전자부품·하드웨어,,industry,industry,HW,manual,
PCB,,전자부품·하드웨어,,industry,industry,HW,manual,
기판 업계,,전자부품·하드웨어,,industry,industry,HW,manual,
electronics industry,,전자부품·하드웨어,,industry,industry,HW,manual,
consumer electronics,,전자부품·하드웨어,,industry,industry,HW,manual,
hardware makers,,전자부품·하드웨어,,industry,industry,HW,manual,
소프트웨어 업계,,소프트웨어·AI,,industry,industry,SW,manual,
소프트웨어업계,,소프트웨어·AI,,industry,industry,SW,manual,
SW 업계,,소프트웨어·AI,,industry,industry,SW,manual,
IT 서비스 업계,,소프트웨어·AI,,industry,industry,SW,manual,
IT서비스,,소프트웨어·AI,,industry,industry,SW,manual,
클라우드 시장,,소프트웨어·AI,,industry,industry,SW,manual,
클라우드 업계,,소프트웨어·AI,,industry,industry,SW,manual,
사이버보안 업계,,소프트웨어·AI,,industry,industry,SW,manual,
보안 업계,,소프트웨어·AI,,industry,industry,SW,manual,
생성형 AI,,소프트웨어·AI,,industry,industry,SW,manual,
생성 AI,,소프트웨어·AI,,industry,industry,SW,manual,
AI 산업,,소프트웨어·AI,,industry,industry,SW,manual,
AI 업계,,소프트웨어·AI,,industry,industry,SW,manual,
인공지능 산업,,소프트웨어·AI,,industry,industry,SW,manual,
인공지능 업계,,소프트웨어·AI,,industry,industry,SW,manual,
LLM,,소프트웨어·AI,,industry,industry,SW,manual,
software industry,,소프트웨어·AI,,industry,industry,SW,manual,
cloud market,,소프트웨어·AI,,industry,industry,SW,manual,
cybersecurity industry,,소프트웨어·AI,,industry,industry,SW,manual,
generative AI,,소프트웨어·AI,,industry,industry,SW,manual,
AI industry,,소프트웨어·AI,,industry,industry,SW,manual,
플랫폼 업계,,인터넷·플랫폼,,industry,industry,INTERNET,manual,
플랫폼업계,,인터넷·플랫폼,,industry,industry,INTERNET,manual,
빅테크,,인터넷·플랫폼,,industry,industry,INTERNET,manual,
포털 업계,,인터넷·플랫폼,,industry,industry,INTERNET,manual,
이커머스 업계,,인터넷·플랫폼,,industry,industry,INTERNET,manual,
이커머스 시장,,인터넷·플랫폼,,industry,industry,INTERNET,manual,
전자상거래 시장,,인터넷·플랫폼,,industry,industry,INTERNET,manual,
온라인 플랫폼,,인터넷·플랫폼,,industry,industry,INTERNET,manual,
검색 시장,,인터넷·플랫폼,,industry,industry,INTERNET,manual,
SNS 업계,,인터넷·플랫폼,,industry,industry,INTERNET,manual,
big tech,,인터넷·플랫폼,,industry,industry,INTERNET,manual,
Big Tech,,인터넷·플랫폼,,industry,industry,INTERNET,manual,
e-commerce market,,인터넷·플랫폼,,industry,industry,INTERNET,manual,
online platforms,,인터넷·플랫폼,,industry,industry,INTERNET,manual,
게임 업계,,미디어·게임·엔터,,industry,industry,MEDIA,manual,
게임업계,,미디어·게임·엔터,,industry,industry,MEDIA,manual,
게임 산업,,미디어·게임·엔터,,industry,industry,MEDIA,manual,
게임산업,,미디어·게임·엔터,,industry,industry,MEDIA,manual,
게임주,,미디어·게임·엔터,,industry,industry,MEDIA,manual,
엔터 업계,,미디어·게임·엔터,,industry,industry,MEDIA,manual,
엔터업계,,미디어·게임·엔터,,industry,industry,MEDIA,manual,
엔터테인먼트 업계,,미디어·게임·엔터,,industry,industry,MEDIA,manual,
OTT,,미디어·게임·엔터,,industry,industry,MEDIA,manual,
OTT 시장,,미디어·게임·엔터,,industry,industry,MEDIA,manual,
스트리밍 시장,,미디어·게임·엔터,,industry,industry,MEDIA,manual,
콘텐츠 산업,,미디어·게임·엔터,,industry,industry,MEDIA,manual,
K팝,,미디어·게임·엔터,,industry,industry,MEDIA,manual,
K-팝,,미디어·게임·엔터,,industry,industry,MEDIA,manual,
K-POP,,미디어·게임·엔터,,industry,industry,MEDIA,manual,
미디어 업계,,미디어·게임·엔터,,industry,industry,MEDIA,manual,
gaming industry,,미디어·게임·엔터,,industry,industry,MEDIA,manual,
streaming market,,미디어·게임·엔터,,industry,industry,MEDIA,manual,
entertainment industry,,미디어·게임·엔터,,industry,industry,MEDIA,manual,
K-pop,,미디어·게임·엔터,,industry,industry,MEDIA,manual,
통신 업계,,통신,,industry,industry,TELECOM,manual,
통신업계,,통신,,industry,industry,TELECOM,manual,
통신사,,통신,,industry,industry,TELECOM,manual,
이동통신사,,통신,,industry,industry,TELECOM,manual,
이통사,,통신,,industry,industry,TELECOM,manual,
통신 3사,,통신,,industry,industry,TELECOM,manual,
이통 3사,,통신,,industry,industry,TELECOM,manual,
통신주,,통신,,industry,industry,TELECOM,manual,
5G,,통신,,industry,industry,TELECOM,manual,
6G,,통신,,industry,industry,TELECOM,manual,
telecom industry,,통신,,industry,industry,TELECOM,manual,
telecom carriers,,통신,,industry,industry,TELECOM,manual,
wireless carriers,,통신,,industry,industry,TELECOM,manual,
자동차 업계,,자동차,,industry,industry,AUTO,manual,
자동차업계,,자동차,,industry,industry,AUTO,manual,
자동차 산업,,자동차,,industry,industry,AUTO,manual,
자동차산업,,자동차,,industry,industry,AUTO,manual,
완성차,,자동차,,industry,industry,AUTO,manual,
완성차 업계,,자동차,,industry,industry,AUTO,manual,
전기차,,자동차,,industry,industry,AUTO,manual,
전기차 시장,,자동차,,industry,industry,AUTO,manual,
EV 시장,,자동차,,industry,industry,AUTO,manual,
자동차주,,자동차,,industry,industry,AUTO,manual,
자동차 부품,,자동차,,industry,industry,AUTO,manual,
자동차부품,,자동차,,industry,industry,AUTO,manual,
자율주행,,자동차,,industry,industry,AUTO,manual,
모빌리티 업계,,자동차,,industry,industry,AUTO,manual,
auto industry,,자동차,,industry,industry,AUTO,manual,
automakers,,자동차,,industry,industry,AUTO,manual,
automotive industry,,자동차,,industry,industry,AUTO,manual,
EV market,,자동차,,industry,industry,AUTO,manual,
electric vehicles,,자동차,,industry,industry,AUTO,manual,
2차전지,,2차전지,,industry,industry,BATTERY,manual,
이차전지,,2차전지,,industry,industry,BATTERY,manual,
배터리 업계,,2차전지,,industry,industry,BATTERY,manual,
배터리업계,,2차전지,,industry,industry,BATTERY,manual,
배터리 산업,,2차전지,,industry,industry,BATTERY,manual,
배터리 시장,,2차전지,,industry,industry,BATTERY,manual,
배터리주,,2차전지,,industry,industry,BATTERY,manual,
2차전지주,,2차전지,,industry,industry,BATTERY,manual,
양극재,,2차전지,,industry,industry,BATTERY,manual,
음극재,,2차전지,,industry,industry,BATTERY,manual,
전고체,,2차전지,,industry,industry,BATTERY,manual,
전고체 배터리,,2차전지,,industry,industry,BATTERY,manual,
ESS,,2차전지,,industry,industry,BATTERY,manual,
battery industry,,2차전지,,industry,industry,BATTERY,manual,
battery makers,,2차전지,,industry,industry,BATTERY,manual,
EV batteries,,2차전지,,industry,industry,BATTERY,manual,
cathode materials,,2차전지,,industry,industry,BATTERY,manual,
조선업,,조선·해운·운송,,industry,industry,TRANSPORT,manual,
조선 업계,,조선·해운·운송,,industry,industry,TRANSPORT,manual,
조선업계,,조선·해운·운송,,industry,industry,TRANSPORT,manual,
조선 산업,,조선·해운·운송,,industry,industry,TRANSPORT,manual,
조선주,,조선·해운·운송,,industry,industry,TRANSPORT,manual,
조선 3사,,조선·해운·운송,,industry,industry,TRANSPORT,manual,
조선사,,조선·해운·운송,,industry,industry,TRANSPORT,manual,
해운업,,조선·해운·운송,,industry,industry,TRANSPORT,manual,
해운 업계,,조선·해운·운송,,industry,industry,TRANSPORT,manual,
해운업계,,조선·해운·운송,,industry,industry,TRANSPORT,manual,
해운주,,조선·해운·운송,,industry,industry,TRANSPORT,manual,
항공업,,조선·해운·운송,,industry,industry,TRANSPORT,manual,
항공 업계,,조선·해운·운송,,industry,industry,TRANSPORT,manual,
항공업계,,조선·해운·운송,,industry,industry,TRANSPORT,manual,
항공사,,조선·해운·운송,,industry,industry,TRANSPORT,manual,
항공주,,조선·해운·운송,,industry,industry,TRANSPORT,manual,
물류 업계,,조선·해운·운송,,industry,industry,TRANSPORT,manual,
물류업계,,조선·해운·운송,,industry,industry,TRANSPORT,manual,
shipbuilding,,조선·해운·운송,,industry,industry,TRANSPORT,manual,
shipbuilders,,조선·해운·운송,,industry,industry,TRANSPORT,manual,
shipping industry,,조선·해운·운송,,industry,industry,TRANSPORT,manual,
airline industry,,조선·해운·운송,,industry,industry,TRANSPORT,manual,
airlines,,조선·해운·운송,,industry,industry,TRANSPORT,manual,
logistics industry,,조선·해운·운송,,industry,industry,TRANSPORT,manual,
방산,,방산·항공우주,,industry,industry,DEFENSE,manual,
방산 업계,,방산·항공우주,,industry,industry,DEFENSE,manual,
방산업계,,방산·항공우주,,industry,industry,DEFENSE,manual,
방산주,,방산·항공우주,,industry,industry,DEFENSE,manual,
방위산업,,방산·항공우주,,industry,industry,DEFENSE,manual,
방산 수출,,방산·항공우주,,industry,industry,DEFENSE,manual,
K방산,,방산·항공우주,,industry,industry,DEFENSE,manual,
K-방산,,방산·항공우주,,industry,industry,DEFENSE,manual,
항공우주,,방산·항공우주,,industry,industry,DEFENSE,manual,
항공우주 산업,,방산·항공우주,,industry,industry,DEFENSE,manual,
우주 산업,,방산·항공우주,,industry,industry,DEFENSE,manual,
우주산업,,방산·항공우주,,industry,industry,DEFENSE,manual,
발사체,,방산·항공우주,,industry,industry,DEFENSE,manual,
defense industry,,방산·항공우주,,industry,industry,DEFENSE,manual,
defense contractors,,방산·항공우주,,industry,industry,DEFENSE,manual,
aerospace industry,,방산·항공우주,,industry,industry,DEFENSE,manual,
space industry,,방산·항공우주,,industry,industry,DEFENSE,manual,
전력기기,,전력·에너지설비,,industry,industry,POWER,manual,
전력 기기,,전력·에너지설비,,industry,industry,POWER,manual,
전력기기 업계,,전력·에너지설비,,industry,industry,POWER,manual,
변압기,,전력·에너지설비,,industry,industry,POWER,manual,
변압기 업계,,전력·에너지설비,,industry,industry,POWER,manual,
전선 업계,,전력·에너지설비,,industry,industry,POWER,manual,
전선업계,,전력·에너지설비,,industry,industry,POWER,manual,
송배전,,전력·에너지설비,,industry,industry,POWER,manual,
전력망,,전력·에너지설비,,industry,industry,POWER,manual,
전력 인프라,,전력·에너지설비,,industry,industry,POWER,manual,
원전,,전력·에너지설비,,industry,industry,POWER,manual,
원자력,,전력·에너지설비,,industry,industry,POWER,manual,
원전 산업,,전력·에너지설비,,industry,industry,POWER,manual,
전력주,,전력·에너지설비,,industry,industry,POWER,manual,
power equipment,,전력·에너지설비,,industry,industry,POWER,manual,
transformers market,,전력·에너지설비,,industry,industry,POWER,manual,
power grid,,전력·에너지설비,,industry,industry,POWER,manual,
grid equipment,,전력·에너지설비,,industry,industry,POWER,manual,
nuclear power,,전력·에너지설비,,industry,industry,POWER,manual,
utilities sector,,전력·에너지설비,,industry,industry,POWER,manual,
정유업,,정유·화학·에너지,,industry,industry,CHEM,manual,
정유 업계,,정유·화학·에너지,,industry,industry,CHEM,manual,
정유업계,,정유·화학·에너지,,industry,industry,CHEM,manual,
정유사,,정유·화학·에너지,,industry,industry,CHEM,manual,
정유주,,정유·화학·에너지,,industry,industry,CHEM,manual,
석유화학,,정유·화학·에너지,,industry,industry,CHEM,manual,
석유화학 업계,,정유·화학·에너지,,industry,industry,CHEM,manual,
석유화학업계,,정유·화학·에너지,,industry,industry,CHEM,manual,
석화 업계,,정유·화학·에너지,,industry,industry,CHEM,manual,
화학 업계,,정유·화학·에너지,,industry,industry,CHEM,manual,
화학업계,,정유·화학·에너지,,industry,industry,CHEM,manual,
화학주,,정유·화학·에너지,,industry,industry,CHEM,manual,
유가,,정유·화학·에너지,,industry,industry,CHEM,manual,
국제유가,,정유·화학·에너지,,industry,industry,CHEM,manual,
태양광 업계,,정유·화학·에너지,,industry,industry,CHEM,manual,
태양광 산업,,정유·화학·에너지,,industry,industry,CHEM,manual,
refiners,,정유·화학·에너지,,industry,industry,CHEM,manual,
oil refiners,,정유·화학·에너지,,industry,industry,CHEM,manual,
petrochemical industry,,정유·화학·에너지,,industry,industry,CHEM,manual,
chemical industry,,정유·화학·에너지,,industry,industry,CHEM,manual,
oil prices,,정유·화학·에너지,,industry,industry,CHEM,manual,
crude prices,,정유·화학·에너지,,industry,industry,CHEM,manual,
철강,,철강·비철·소재,,industry,industry,MATERIAL,manual,
철강 업계,,철강·비철·소재,,industry,industry,MATERIAL,manual,
철강업계,,철강·비철·소재,,industry,industry,MATERIAL,manual,
철강 산업,,철강·비철·소재,,industry,industry,MATERIAL,manual,
철강주,,철강·비철·소재,,industry,industry,MATERIAL,manual,
비철금속,,철강·비철·소재,,industry,industry,MATERIAL,manual,
아연 가격,,철강·비철·소재,,industry,industry,MATERIAL,manual,
구리 가격,,철강·비철·소재,,industry,industry,MATERIAL,manual,
니켈 가격,,철강·비철·소재,,industry,industry,MATERIAL,manual,
소재 업계,,철강·비철·소재,,industry,industry,MATERIAL,manual,
steel industry,,철강·비철·소재,,industry,industry,MATERIAL,manual,
steelmakers,,철강·비철·소재,,industry,industry,MATERIAL,manual,
base metals,,철강·비철·소재,,industry,industry,MATERIAL,manual,
zinc prices,,철강·비철·소재,,industry,industry,MATERIAL,manual,
copper prices,,철강·비철·소재,,industry,industry,MATERIAL,manual,
건설업,,건설·기계·산업재,,industry,industry,CONSTR,manual,
건설 업계,,건설·기계·산업재,,industry,industry,CONSTR,manual,
건설업계,,건설·기계·산업재,,industry,industry,CONSTR,manual,
건설사,,건설·기계·산업재,,industry,industry,CONSTR,manual,
건설주,,건설·기계·산업재,,industry,industry,CONSTR,manual,
건설 경기,,건설·기계·산업재,,industry,industry,CONSTR,manual,
건설경기,,건설·기계·산업재,,industry,industry,CONSTR,manual,
건설기계,,건설·기계·산업재,,industry,industry,CONSTR,manual,
건설기계 업계,,건설·기계·산업재,,industry,industry,CONSTR,manual,
플랜트 업계,,건설·기계·산업재,,industry,industry,CONSTR,manual,
산업재,,건설·기계·산업재,,industry,industry,CONSTR,manual,
construction industry,,건설·기계·산업재,,industry,industry,CONSTR,manual,
construction sector,,건설·기계·산업재,,industry,industry,CONSTR,manual,
builders,,건설·기계·산업재,,industry,industry,CONSTR,manual,
construction equipment,,건설·기계·산업재,,industry,industry,CONSTR,manual,
industrials,,건설·기계·산업재,,industry,industry,CONSTR,manual,
바이오,,바이오·헬스케어,,industry,industry,BIO,manual,
바이오 업계,,바이오·헬스케어,,industry,industry,BIO,manual,
바이오업계,,바이오·헬스케어,,industry,industry,BIO,manual,
바이오 산업,,바이오·헬스케어,,industry,industry,BIO,manual,
바이오주,,바이오·헬스케어,,industry,industry,BIO,manual,
제약업,,바이오·헬스케어,,industry,industry,BIO,manual,
제약 업계,,바이오·헬스케어,,industry,industry,BIO,manual,
제약업계,,바이오·헬스케어,,industry,industry,BIO,manual,
제약사,,바이오·헬스케어,,industry,industry,BIO,manual,
제약주,,바이오·헬스케어,,industry,industry,BIO,manual,
제약바이오,,바이오·헬스케어,,industry,industry,BIO,manual,
제약·바이오,,바이오·헬스케어,,industry,industry,BIO,manual,
바이오시밀러,,바이오·헬스케어,,industry,industry,BIO,manual,
신약 개발,,바이오·헬스케어,,industry,industry,BIO,manual,
의료기기 업계,,바이오·헬스케어,,industry,industry,BIO,manual,
헬스케어 업계,,바이오·헬스케어,,industry,industry,BIO,manual,
biotech,,바이오·헬스케어,,industry,industry,BIO,manual,
biotech industry,,바이오·헬스케어,,industry,industry,BIO,manual,
pharma,,바이오·헬스케어,,industry,industry,BIO,manual,
pharmaceutical industry,,바이오·헬스케어,,industry,industry,BIO,manual,
drugmakers,,바이오·헬스케어,,industry,industry,BIO,manual,
healthcare sector,,바이오·헬스케어,,industry,industry,BIO,manual,
금융업,,금융,,industry,industry,FIN,manual,
금융 업계,,금융,,industry,industry,FIN,manual,
금융업계,,금융,,industry,industry,FIN,manual,
금융권,,금융,,industry,industry,FIN,manual,
금융주,,금융,,industry,industry,FIN,manual,
은행업,,금융,,industry,industry,FIN,manual,
은행권,,금융,,industry,industry,FIN,manual,
은행주,,금융,,industry,industry,FIN,manual,
증권업,,금융,,industry,industry,FIN,manual,
증권 업계,,금융,,industry,industry,FIN,manual,
증권업계,,금융,,industry,industry,FIN,manual,
증권사,,금융,,industry,industry,FIN,manual,
증권주,,금융,,industry,industry,FIN,manual,
보험업,,금융,,industry,industry,FIN,manual,
보험 업계,,금융,,industry,industry,FIN,manual,
보험업계,,금융,,industry,industry,FIN,manual,
보험사,,금융,,industry,industry,FIN,manual,
보험주,,금융,,industry,industry,FIN,manual,
카드업,,금융,,industry,industry,FIN,manual,
카드 업계,,금융,,industry,industry,FIN,manual,
카드사,,금융,,industry,industry,FIN,manual,
핀테크 업계,,금융,,industry,industry,FIN,manual,
금융지주,,금융,,industry,industry,FIN,manual,
financial sector,,금융,,industry,industry,FIN,manual,
banking sector,,금융,,industry,industry,FIN,manual,
banks,,금융,,industry,industry,FIN,manual,
brokerages,,금융,,industry,industry,FIN,manual,
insurers,,금융,,industry,industry,FIN,manual,
fintech industry,,금융,,industry,industry,FIN,manual,
유통업,,소비재·유통,,industry,industry,CONSUMER,manual,
유통 업계,,소비재·유통,,industry,industry,CONSUMER,manual,
유통업계,,소비재·유통,,industry,industry,CONSUMER,manual,
유통주,,소비재·유통,,industry,industry,CONSUMER,manual,
소비재,,소비재·유통,,industry,industry,CONSUMER,manual,
소비재 업계,,소비재·유통,,industry,industry,CONSUMER,manual,
식품 업계,,소비재·유통,,industry,industry,CONSUMER,manual,
식품업계,,소비재·유통,,industry,industry,CONSUMER,manual,
식품주,,소비재·유통,,industry,industry,CONSUMER,manual,
화장품 업계,,소비재·유통,,industry,industry,CONSUMER,manual,
화장품업계,,소비재·유통,,industry,industry,CONSUMER,manual,
뷰티 업계,,소비재·유통,,industry,industry,CONSUMER,manual,
K뷰티,,소비재·유통,,industry,industry,CONSUMER,manual,
K-뷰티,,소비재·유통,,industry,industry,CONSUMER,manual,
K푸드,,소비재·유통,,industry,industry,CONSUMER,manual,
K-푸드,,소비재·유통,,industry,industry,CONSUMER,manual,
외식 업계,,소비재·유통,,industry,industry,CONSUMER,manual,
외식업계,,소비재·유통,,industry,industry,CONSUMER,manual,
호텔 업계,,소비재·유통,,industry,industry,CONSUMER,manual,
여행 업계,,소비재·유통,,industry,industry,CONSUMER,manual,
여행업계,,소비재·유통,,industry,industry,CONSUMER,manual,
retail sector,,소비재·유통,,industry,industry,CONSUMER,manual,
retailers,,소비재·유통,,industry,industry,CONSUMER,manual,
consumer goods,,소비재·유통,,industry,industry,CONSUMER,manual,
consumer staples,,소비재·유통,,industry,industry,CONSUMER,manual,
food industry,,소비재·유통,,industry,industry,CONSUMER,manual,
beauty industry,,소비재·유통,,industry,industry,CONSUMER,manual,
restaurant industry,,소비재·유통,,industry,industry,CONSUMER,manual,
travel industry,,소비재·유통,,industry,industry,CONSUMER,manual,
지주회사,,지주회사,,industry,industry,HOLDING,manual,
지주사,,지주회사,,industry,industry,HOLDING,manual,
지주회사 체제,,지주회사,,industry,industry,HOLDING,manual,
holding companies,,지주회사,,industry,industry,HOLDING,manual,
conglomerates,,지주회사,,industry,industry,HOLDING,manual,
삼성전자우,,,,blocker,blocked,,manual,
삼성전자우B,,,,blocker,blocked,,manual,
현대차우,,,,blocker,blocked,,manual,
현대차2우B,,,,blocker,blocked,,manual,
현대차3우B,,,,blocker,blocked,,manual,
LG화학우,,,,blocker,blocked,,manual,
삼성SDI우,,,,blocker,blocked,,manual,
LG전자우,,,,blocker,blocked,,manual,
삼성전기우,,,,blocker,blocked,,manual,
삼성화재우,,,,blocker,blocked,,manual,
아모레퍼시픽우,,,,blocker,blocked,,manual,
한화3우B,,,,blocker,blocked,,manual,
한화우,,,,blocker,blocked,,manual,
미래에셋증권2우B,,,,blocker,blocked,,manual,
미래에셋증권우,,,,blocker,blocked,,manual,
대한항공우,,,,blocker,blocked,,manual,
S-Oil우,,,,blocker,blocked,,manual,
LG우,,,,blocker,blocked,,manual,
SK우,,,,blocker,blocked,,manual,
두산우,,,,blocker,blocked,,manual,
GS우,,,,blocker,blocked,,manual,
삼성물산우B,,,,blocker,blocked,,manual,
현대건설우,,,,blocker,blocked,,manual,
대우건설우,,,,blocker,blocked,,manual,
NH투자증권우,,,,blocker,blocked,,manual,
삼성증권우,,,,blocker,blocked,,manual,
한국금융지주우,,,,blocker,blocked,,manual,
삼성 라이온즈,,,,blocker,blocked,,manual,
삼성라이온즈,,,,blocker,blocked,,manual,
한화 이글스,,,,blocker,blocked,,manual,
한화이글스,,,,blocker,blocked,,manual,
LG 트윈스,,,,blocker,blocked,,manual,
LG트윈스,,,,blocker,blocked,,manual,
두산 베어스,,,,blocker,blocked,,manual,
두산베어스,,,,blocker,blocked,,manual,
KT 위즈,,,,blocker,blocked,,manual,
KT위즈,,,,blocker,blocked,,manual,
kt wiz,,,,blocker,blocked,,manual,
KT wiz,,,,blocker,blocked,,manual,
기아 타이거즈,,,,blocker,blocked,,manual,
KIA 타이거즈,,,,blocker,blocked,,manual,
KIA타이거즈,,,,blocker,blocked,,manual,
키움 히어로즈,,,,blocker,blocked,,manual,
키움히어로즈,,,,blocker,blocked,,manual,
SK 와이번스,,,,blocker,blocked,,manual,
SSG 랜더스,,,,blocker,blocked,,manual,
롯데 자이언츠,,,,blocker,blocked,,manual,
NC 다이노스,,,,blocker,blocked,,manual,
삼성 블루팡스,,,,blocker,blocked,,manual,
삼성 썬더스,,,,blocker,blocked,,manual,
현대캐피탈 스카이워커스,,,,blocker,blocked,,manual,
LG 세이커스,,,,blocker,blocked,,manual,
KT 소닉붐,,,,blocker,blocked,,manual,
SK 나이츠,,,,blocker,blocked,,manual,
SK 핸드볼,,,,blocker,blocked,,manual,
한화 핸드볼,,,,blocker,blocked,,manual,
현대모비스 피버스,,,,blocker,blocked,,manual,
하이브리드,,,,blocker,blocked,,manual,
현대적,,,,blocker,blocked,,manual,
현대인,,,,blocker,blocked,,manual,
현대사,,,,blocker,blocked,,manual,
현대미술,,,,blocker,blocked,,manual,
현대음악,,,,blocker,blocked,,manual,
현대문학,,,,blocker,blocked,,manual,
현대사회,,,,blocker,blocked,,manual,
현대판,,,,blocker,blocked,,manual,
현대차정몽구재단,,,,blocker,blocked,,manual,
황반변성(AMD),,,,blocker,blocked,,manual,
황반변성 (AMD),,,,blocker,blocked,,manual,
"황반변성(Age-related Macular Degeneration, AMD)",,,,blocker,blocked,,manual,
삼성디스플레이,,,,blocker,blocked,,manual,
삼성서울병원,,,,blocker,blocked,,manual,
삼성전자서비스,,,,blocker,blocked,,manual,
삼성웰스토리,,,,blocker,blocked,,manual,
삼성메디슨,,,,blocker,blocked,,manual,
삼성자산운용,,,,blocker,blocked,,manual,
삼성벤처투자,,,,blocker,blocked,,manual,
현대제철,,,,blocker,blocked,,manual,
현대바이오,,,,blocker,blocked,,manual,
현대백화점,,,,blocker,blocked,,manual,
현대해상,,,,blocker,blocked,,manual,
현대엘리베이터,,,,blocker,blocked,,manual,
현대위아,,,,blocker,blocked,,manual,
현대홈쇼핑,,,,blocker,blocked,,manual,
현대두산인프라코어,,,,blocker,blocked,,manual,
현대캐피탈,,,,blocker,blocked,,manual,
현대카드,,,,blocker,blocked,,manual,
현대오일뱅크,,,,blocker,blocked,,manual,
HD현대오일뱅크,,,,blocker,blocked,,manual,
SK온,,,,blocker,blocked,,manual,
SK인텔릭스,,,,blocker,blocked,,manual,
SK인천석유화학,,,,blocker,blocked,,manual,
SK매직,,,,blocker,blocked,,manual,
IBK기업은행 알토스,,,,blocker,blocked,,manual,
IBK 기업은행 알토스,,,,blocker,blocked,,manual,
기업은행 알토스,,,,blocker,blocked,,manual,
SK실트론,,,,blocker,blocked,,manual,
LG-BCM,,,,blocker,blocked,,manual,
SK쉴더스,,,,blocker,blocked,,manual,
SK에코플랜트,,,,blocker,blocked,,manual,
SK디앤디,,,,blocker,blocked,,manual,
SK가스,,,,blocker,blocked,,manual,
SK케미칼,,,,blocker,blocked,,manual,
SK네트웍스,,,,blocker,blocked,,manual,
SK엔무브,,,,blocker,blocked,,manual,
SK브로드밴드,,,,blocker,blocked,,manual,
SKC,,,,blocker,blocked,,manual,
SK증권,,,,blocker,blocked,,manual,
SK디스커버리,,,,blocker,blocked,,manual,
SK바이오사이언스,,,,blocker,blocked,,manual,
SK아이이테크놀로지,,,,blocker,blocked,,manual,
SK렌터카,,,,blocker,blocked,,manual,
SK플라즈마,,,,blocker,blocked,,manual,
LG디스플레이,,,,blocker,blocked,,manual,
LG생활건강,,,,blocker,blocked,,manual,
LG헬로비전,,,,blocker,blocked,,manual,
LG AI연구원,,,,blocker,blocked,,manual,
LG경영연구원,,,,blocker,blocked,,manual,
KT에스테이트,,,,blocker,blocked,,manual,
KT스카이라이프,,,,blocker,blocked,,manual,
KTX,,,,blocker,blocked,,manual,
KT알파,,,,blocker,blocked,,manual,
KT클라우드,,,,blocker,blocked,,manual,
KT cs,,,,blocker,blocked,,manual,
KT CS,,,,blocker,blocked,,manual,
KTB,,,,blocker,blocked,,manual,
GS칼텍스,,,,blocker,blocked,,manual,
GS리테일,,,,blocker,blocked,,manual,
GS건설,,,,blocker,blocked,,manual,
GS25,,,,blocker,blocked,,manual,
GS파워,,,,blocker,blocked,,manual,
GS이니마,,,,blocker,blocked,,manual,
GS샵,,,,blocker,blocked,,manual,
GS글로벌,,,,blocker,blocked,,manual,
GS EPS,,,,blocker,blocked,,manual,
LS전선,,,,blocker,blocked,,manual,
LS엠트론,,,,blocker,blocked,,manual,
LS증권,,,,blocker,blocked,,manual,
LS니꼬동제련,,,,blocker,blocked,,manual,
LS MnM,,,,blocker,blocked,,manual,
LS마린솔루션,,,,blocker,blocked,,manual,
한화투자증권,,,,blocker,blocked,,manual,
한화갤러리아,,,,blocker,blocked,,manual,
한화호텔앤드리조트,,,,blocker,blocked,,manual,
한화토탈에너지스,,,,blocker,blocked,,manual,
한화로보틱스,,,,blocker,blocked,,manual,
한화비전,,,,blocker,blocked,,manual,
한화손해보험,,,,blocker,blocked,,manual,
한화자산운용,,,,blocker,blocked,,manual,
한화큐셀,,,,blocker,blocked,,manual,
한화정밀기계,,,,blocker,blocked,,manual,
두산테스나,,,,blocker,blocked,,manual,
두산로보틱스,,,,blocker,blocked,,manual,
두산퓨얼셀,,,,blocker,blocked,,manual,
두산건설,,,,blocker,blocked,,manual,
카카오모빌리티,,,,blocker,blocked,,manual,
카카오엔터테인먼트,,,,blocker,blocked,,manual,
카카오게임즈,,,,blocker,blocked,,manual,
카카오헬스케어,,,,blocker,blocked,,manual,
카카오스타일,,,,blocker,blocked,,manual,
카카오브레인,,,,blocker,blocked,,manual,
카카오엔터프라이즈,,,,blocker,blocked,,manual,
카카오VX,,,,blocker,blocked,,manual,
네이버클라우드,,,,blocker,blocked,,manual,
네이버웹툰,,,,blocker,blocked,,manual,
네이버파이낸셜,,,,blocker,blocked,,manual,
네이버랩스,,,,blocker,blocked,,manual,
셀트리온제약,,,,blocker,blocked,,manual,
셀트리온스킨큐어,,,,blocker,blocked,,manual,
셀트리온헬스케어,,,,blocker,blocked,,manual,
포스코이앤씨,,,,blocker,blocked,,manual,
포스코건설,,,,blocker,blocked,,manual,
포스코DX,,,,blocker,blocked,,manual,
포스코스틸리온,,,,blocker,blocked,,manual,
미래에셋자산운용,,,,blocker,blocked,,manual,
미래에셋생명,,,,blocker,blocked,,manual,
미래에셋캐피탈,,,,blocker,blocked,,manual,
키움투자자산운용,,,,blocker,blocked,,manual,
조선일보,,,,blocker,blocked,,manual,
조선비즈,,,,blocker,blocked,,manual,
조선닷컴,,,,blocker,blocked,,manual,
조선시대,,,,blocker,blocked,,manual,
조선왕조,,,,blocker,blocked,,manual,
조선 후기,,,,blocker,blocked,,manual,
조선 전기,,,,blocker,blocked,,manual,
조선 시대,,,,blocker,blocked,,manual,
조선족,,,,blocker,blocked,,manual,
북조선,,,,blocker,blocked,,manual,
조선중앙통신,,,,blocker,blocked,,manual,
방송통신위원회,,,,blocker,blocked,,manual,
방송통신심의위원회,,,,blocker,blocked,,manual,
과학기술정보통신부,,,,blocker,blocked,,manual,
정보통신,,,,blocker,blocked,,manual,
정보통신부,,,,blocker,blocked,,manual,
철강왕,,,,blocker,blocked,,manual,
바이오리듬,,,,blocker,blocked,,manual,
바이오하자드,,,,blocker,blocked,,manual,
K팝 스타,,,,blocker,blocked,,manual,
LG Display,,,,blocker,blocked,,manual,
Samsung Display,,,,blocker,blocked,,manual,
Coca-Cola,,,,blocker,blocked,,manual,
Coca Cola,,,,blocker,blocked,,manual,
Reuters,,,,blocker,blocked,,manual,
Palo Alto,,,,blocker,blocked,,manual,
Honeywell International,,,,blocker,blocked,,manual,
Google Cloud,,,,blocker,blocked,,manual,
