source_market,source_stock_code,target_market,target_stock_code,relationship_type_code,impact_direction,source,corr_train,n_train
KOSPI,051910,KOSPI,373220,INVEST,POSITIVE,fallback,,0
KOSPI,032830,KOSPI,029780,INVEST,POSITIVE,price,0.1878,1415
KOSPI,005490,KOSPI,047050,INVEST,POSITIVE,price,0.0981,1415
KOSPI,009540,KOSPI,329180,INVEST,POSITIVE,price,0.5281,235
KOSPI,034730,KOSPI,326030,INVEST,POSITIVE,price,0.0328,474
KOSPI,005490,KOSPI,003670,INVEST,NEGATIVE,price,-0.0568,1415
KOSPI,267250,KOSPI,443060,INVEST,POSITIVE,fallback,,0
KOSPI,034730,KOSPI,096770,INVEST,POSITIVE,price,0.1142,1415
KOSPI,006260,KOSPI,010120,INVEST,POSITIVE,price,0.3158,1415
KOSPI,034020,KOSPI,241560,INVEST,POSITIVE,price,0.1173,1182
KOSPI,035720,KOSPI,377300,INVEST,POSITIVE,price,0.6239,235
KOSPI,028260,KOSPI,207940,INVEST,POSITIVE,price,0.2356,1415
KOSPI,066570,KOSPI,011070,INVEST,POSITIVE,price,0.1688,1415
KOSPI,000880,KOSPI,009830,INVEST,POSITIVE,price,0.2512,1415
KOSPI,267250,KOSPI,267260,INVEST,NEGATIVE,price,-0.0783,1182
KOSPI,005380,KOSPI,000270,INVEST,POSITIVE,price,0.6308,1415
KOSPI,267250,KOSPI,009540,INVEST,POSITIVE,price,0.3884,1182
KOSPI,005380,KOSPI,064350,INVEST,NEGATIVE,price,-0.0596,1415
KOSPI,005380,KOSPI,307950,INVEST,POSITIVE,price,0.2266,714
KOSPI,003550,KOSPI,051910,INVEST,POSITIVE,price,0.1376,1415
KOSPI,005930,KOSPI,207940,INVEST,POSITIVE,price,0.0359,1415
KOSPI,000150,KOSPI,034020,INVEST,POSITIVE,price,0.3764,1415
KOSPI,032830,KOSPI,016360,INVEST,POSITIVE,price,0.1046,1415
KOSPI,035720,KOSPI,323410,INVEST,POSITIVE,price,0.5849,235
KOSPI,180640,KOSPI,003490,INVEST,POSITIVE,price,0.3747,1415
KOSPI,005930,KOSPI,009150,INVEST,POSITIVE,price,0.3675,1415
KOSPI,005930,KOSPI,018260,INVEST,POSITIVE,price,0.159,1415
KOSPI,005380,KOSPI,000720,INVEST,NEGATIVE,price,-0.0597,1415
KOSPI,012330,KOSPI,307950,INVEST,POSITIVE,price,0.185,714
KOSPI,005930,KOSPI,006400,INVEST,POSITIVE,price,0.1602,1415
KOSPI,028260,KOSPI,018260,INVEST,POSITIVE,price,0.2372,1415
KOSPI,000270,KOSPI,307950,INVEST,POSITIVE,price,0.2256,714
KOSPI,032830,KOSPI,000810,INVEST,POSITIVE,price,0.4017,1415
KOSPI,005930,KOSPI,010140,INVEST,NEGATIVE,price,-0.1016,1415
KOSPI,006400,KOSPI,028050,INVEST,NEGATIVE,price,-0.1037,1415
KOSPI,012330,KOSPI,000720,INVEST,NEGATIVE,price,-0.109,1415
KOSPI,032830,KOSPI,005930,INVEST,POSITIVE,price,0.0239,1415
KOSPI,028260,KOSPI,028050,INVEST,POSITIVE,price,-0.0004,1415
KOSPI,000270,KOSPI,000720,INVEST,NEGATIVE,price,-0.063,1415
KOSPI,028260,KOSPI,005930,INVEST,POSITIVE,price,0.1986,1415
KOSPI,005380,KOSPI,030200,INVEST,POSITIVE,price,0.0357,1415
KOSPI,012330,KOSPI,030200,INVEST,POSITIVE,price,0.0556,1415
KOSPI,032830,KOSPI,010140,INVEST,POSITIVE,price,-0.0273,1415
KOSPI,000810,KOSPI,005930,INVEST,NEGATIVE,price,-0.0861,1415
KOSPI,066570,NASDAQ,MAR,PARTNER,POSITIVE,price,-0.046,1413
KOSPI,064400,NASDAQ,HON,PARTNER,POSITIVE,fallback,,0
KOSPI,373220,NASDAQ,ADI,PARTNER,POSITIVE,fallback,,0
KOSPI,272210,NASDAQ,HON,PARTNER,POSITIVE,price,0.003,714
KOSPI,017670,NASDAQ,GEHC,PARTNER,POSITIVE,fallback,,0
KOSPI,001440,KOSPI,009830,PARTNER,POSITIVE,price,0.0375,1415
KOSPI,307950,NASDAQ,MSFT,PARTNER,POSITIVE,price,0.0031,714
KOSPI,001440,KOSPI,086790,PARTNER,NEGATIVE,price,-0.0578,1415
KOSPI,030200,KOSPI,128940,PARTNER,POSITIVE,price,-0.0327,1415
KOSPI,030200,KOSPI,267270,PARTNER,NEGATIVE,price,-0.0656,1182
KOSPI,021240,NASDAQ,MAR,PARTNER,POSITIVE,price,0.0241,1413
KOSPI,018260,KOSPI,024110,PARTNER,POSITIVE,price,-0.0302,1415
KOSPI,034020,KOSPI,066970,PARTNER,NEGATIVE,price,-0.0572,1415
KOSPI,024110,KOSPI,047040,PARTNER,POSITIVE,price,-0.0063,1415
KOSPI,003670,KOSPI,316140,PARTNER,NEGATIVE,price,-0.1707,714
KOSPI,064400,KOSPI,272210,COMPETE,POSITIVE,price,,0
KOSPI,012330,NASDAQ,QCOM,PARTNER,POSITIVE,price,0.0046,1413
KOSPI,010130,KOSPI,051910,PARTNER,POSITIVE,price,0.0003,1415
KOSPI,000880,KOSPI,010130,PARTNER,POSITIVE,price,-0.0352,1415
KOSPI,018260,NASDAQ,WDAY,PARTNER,POSITIVE,price,0.0159,1413
KOSPI,267250,NASDAQ,PLTR,PARTNER,POSITIVE,price,-0.0444,474
KOSPI,024110,KOSPI,267270,PARTNER,NEGATIVE,price,-0.0729,1182
KOSPI,030200,NASDAQ,PLTR,PARTNER,NEGATIVE,price,-0.0504,474
KOSPI,010120,NASDAQ,MSFT,PARTNER,POSITIVE,price,0.0109,1413
KOSPI,017670,KOSPI,272210,PARTNER,NEGATIVE,price,-0.0996,714
KOSPI,267250,KOSPI,307950,PARTNER,NEGATIVE,price,-0.1464,714
KOSPI,402340,NASDAQ,CMCSA,PARTNER,POSITIVE,fallback,,0
KOSPI,003490,KOSPI,064400,PARTNER,POSITIVE,fallback,,0
KOSPI,009150,NASDAQ,TSLA,SUPPLY,POSITIVE,price,0.0017,1413
KOSPI,032640,NASDAQ,NVDA,PARTNER,POSITIVE,price,-0.0237,1413
KOSPI,017670,KOSPI,086790,PARTNER,POSITIVE,price,0.0744,1415
KOSPI,055550,KOSPI,079550,PARTNER,NEGATIVE,price,-0.0725,1415
KOSPI,000720,KOSPI,090430,PARTNER,POSITIVE,price,0.0031,1415
KOSPI,017670,NASDAQ,CMCSA,PARTNER,POSITIVE,price,0.0377,1413
KOSPI,032640,KOSPI,175330,PARTNER,POSITIVE,price,0.1004,1415
KOSPI,024110,KOSPI,066570,PARTNER,NEGATIVE,price,-0.0743,1415
KOSPI,373220,NASDAQ,QCOM,PARTNER,POSITIVE,fallback,,0
KOSPI,047810,KOSPI,267250,PARTNER,POSITIVE,price,-0.0145,1182
KOSPI,018260,NASDAQ,AMZN,PARTNER,POSITIVE,price,0.0405,1413
KOSPI,000880,KOSPI,064350,PARTNER,POSITIVE,price,-0.0234,1415
KOSPI,079550,KOSPI,329180,PARTNER,POSITIVE,price,0.0862,235
KOSPI,064400,NASDAQ,GOOGL,PARTNER,POSITIVE,fallback,,0
KOSPI,005830,KOSPI,377300,PARTNER,NEGATIVE,price,-0.1279,235
KOSPI,011070,NASDAQ,MSFT,PARTNER,POSITIVE,price,0.0299,1413
KOSPI,042660,KOSPI,298040,PARTNER,POSITIVE,price,-0.0007,950
KOSPI,064400,NASDAQ,MSFT,PARTNER,POSITIVE,fallback,,0
KOSPI,030200,KOSPI,055550,PARTNER,POSITIVE,price,0.1647,1415
KOSPI,015760,KOSPI,267260,PARTNER,POSITIVE,price,-0.0483,1182
KOSPI,010120,KOSPI,032640,PARTNER,POSITIVE,price,-0.0185,1415
KOSPI,298040,NASDAQ,LIN,PARTNER,POSITIVE,price,0.0027,950
KOSPI,010120,KOSPI,086280,PARTNER,NEGATIVE,price,-0.059,1415
KOSPI,032640,KOSPI,055550,PARTNER,POSITIVE,price,0.1124,1415
KOSPI,012330,KOSPI,267270,PARTNER,NEGATIVE,price,-0.0651,1182
KOSPI,035420,NASDAQ,INTC,PARTNER,POSITIVE,price,-0.0043,1413
KOSPI,010950,KOSPI,028260,PARTNER,POSITIVE,price,-0.0178,1415
KOSPI,030200,NASDAQ,AMD,PARTNER,POSITIVE,price,-0.0358,1413
KOSPI,015760,KOSPI,032640,PARTNER,POSITIVE,price,0.1126,1415
KOSPI,021240,KOSPI,030200,PARTNER,POSITIVE,price,0.0848,1415
KOSPI,005380,KOSPI,010120,PARTNER,NEGATIVE,price,-0.0693,1415
KOSPI,011070,NASDAQ,AAPL,SUPPLY,POSITIVE,price,0.1769,1413
KOSPI,035720,KOSPI,352820,COMPETE,POSITIVE,price,0.2977,474
KOSPI,000720,KOSPI,316140,PARTNER,POSITIVE,price,0.0852,714
KOSPI,017670,NASDAQ,AMZN,PARTNER,NEGATIVE,price,-0.0707,1413
KOSPI,009830,NASDAQ,MSFT,PARTNER,POSITIVE,price,-0.0009,1413
KOSPI,055550,KOSPI,064400,PARTNER,POSITIVE,fallback,,0
KOSPI,047810,KOSPI,329180,PARTNER,POSITIVE,price,0.1359,235
KOSPI,064350,KOSPI,086790,PARTNER,NEGATIVE,price,-0.1199,1415
KOSPI,005490,KOSPI,267250,PARTNER,POSITIVE,price,0.0935,1182
KOSPI,011070,NASDAQ,TSLA,SUPPLY,POSITIVE,price,0.0433,1413
KOSPI,066570,KOSPI,079550,PARTNER,POSITIVE,price,0.0455,1415
KOSPI,017670,NASDAQ,AMD,PARTNER,POSITIVE,price,-0.0073,1413
KOSPI,259960,NASDAQ,NVDA,PARTNER,NEGATIVE,price,-0.0985,235
KOSPI,005380,KOSPI,267260,PARTNER,NEGATIVE,price,-0.0919,1182
KOSPI,241560,KOSPI,267270,PARTNER,POSITIVE,price,0.146,1182
KOSPI,005930,NASDAQ,ASML,PARTNER,POSITIVE,price,0.0894,1413
KOSPI,010120,KOSPI,015760,PARTNER,POSITIVE,price,0.0287,1415
KOSPI,017670,NASDAQ,MSFT,PARTNER,POSITIVE,price,-0.007,1413
KOSPI,005930,NASDAQ,CDNS,PARTNER,POSITIVE,price,0.0142,1413
KOSPI,000660,NASDAQ,NVDA,SUPPLY,POSITIVE,price,0.0537,1413
KOSPI,175330,KOSPI,377300,PARTNER,NEGATIVE,price,-0.1723,235
KOSPI,035720,KOSPI,352820,PARTNER,POSITIVE,price,0.2977,474
KOSPI,030200,KOSPI,272210,PARTNER,NEGATIVE,price,-0.176,714
KOSPI,028260,KOSPI,034020,PARTNER,POSITIVE,price,-0.0315,1415
KOSPI,032640,NASDAQ,NFLX,PARTNER,POSITIVE,price,0.0015,1413
KOSPI,021240,KOSPI,055550,PARTNER,POSITIVE,price,0.0859,1415
KOSPI,329180,NASDAQ,PLTR,PARTNER,POSITIVE,price,-0.021,235
KOSPI,035420,KOSPI,316140,PARTNER,NEGATIVE,price,-0.0934,714
KOSPI,030200,KOSPI,316140,PARTNER,POSITIVE,price,0.0913,714
KOSPI,015760,KOSPI,298040,PARTNER,POSITIVE,price,-0.0187,950
KOSPI,024110,KOSPI,030200,PARTNER,POSITIVE,price,0.1741,1415
KOSPI,030200,NASDAQ,CSCO,PARTNER,POSITIVE,price,-0.0201,1413
KOSPI,030200,NASDAQ,INTC,PARTNER,POSITIVE,price,0.0341,1413
NASDAQ,AVGO,KOSPI,005930,SUPPLY,POSITIVE,price,-0.0068,1413
KOSPI,316140,KOSPI,377300,PARTNER,POSITIVE,price,-0.0067,235
KOSPI,000100,KOSPI,0126Z0,PARTNER,POSITIVE,fallback,,0
KOSPI,010140,KOSPI,011070,PARTNER,NEGATIVE,price,-0.0914,1415
KOSPI,000720,KOSPI,030200,PARTNER,NEGATIVE,price,-0.0894,1415
KOSPI,010120,KOSPI,055550,PARTNER,NEGATIVE,price,-0.0924,1415
KOSPI,029780,KOSPI,035420,PARTNER,POSITIVE,price,-0.0088,1415
KOSPI,0126Z0,KOSPI,207940,PARTNER,POSITIVE,fallback,,0
KOSPI,005490,KOSPI,015760,PARTNER,POSITIVE,price,-0.0283,1415
KOSPI,267250,NASDAQ,GOOGL,PARTNER,POSITIVE,price,-0.0128,1182
KOSPI,015760,KOSPI,086790,PARTNER,POSITIVE,price,0.0,1415
KOSPI,005380,NASDAQ,AAPL,PARTNER,POSITIVE,price,-0.0263,1413
KOSPI,030200,KOSPI,329180,PARTNER,POSITIVE,price,0.0114,235
KOSPI,000810,KOSPI,377300,PARTNER,NEGATIVE,price,-0.2078,235
KOSPI,000720,KOSPI,071050,PARTNER,POSITIVE,price,-0.0433,1415
KOSPI,017670,KOSPI,024110,PARTNER,POSITIVE,price,0.097,1415
KOSPI,071050,KOSPI,323410,PARTNER,POSITIVE,price,0.0662,235
KOSPI,032640,KOSPI,086790,PARTNER,POSITIVE,price,0.0922,1415
KOSPI,017670,NASDAQ,INTC,PARTNER,POSITIVE,price,-0.0175,1413
KOSPI,012330,KOSPI,032640,PARTNER,POSITIVE,price,0.0637,1415
KOSPI,006800,KOSPI,024110,PARTNER,POSITIVE,price,0.1646,1415
KOSPI,000720,KOSPI,055550,PARTNER,NEGATIVE,price,-0.0713,1415
KOSPI,024110,KOSPI,032640,PARTNER,POSITIVE,price,0.111,1415
KOSPI,029780,KOSPI,377300,PARTNER,NEGATIVE,price,-0.1516,235
KOSPI,042700,NASDAQ,MU,SUPPLY,POSITIVE,price,0.1169,1413
KOSPI,003490,NASDAQ,SBUX,PARTNER,POSITIVE,price,0.0626,1413
KOSPI,047810,NASDAQ,SPCX,PARTNER,POSITIVE,fallback,,0
KOSPI,015760,KOSPI,017670,PARTNER,POSITIVE,price,0.1076,1415
KOSPI,0126Z0,KOSPI,128940,PARTNER,POSITIVE,fallback,,0
KOSPI,032640,NASDAQ,GOOGL,PARTNER,POSITIVE,price,0.0287,1413
KOSPI,018260,KOSPI,064400,COMPETE,POSITIVE,price,,0
KOSPI,034020,KOSPI,047040,PARTNER,POSITIVE,price,0.1206,1415
KOSPI,003490,KOSPI,035420,PARTNER,POSITIVE,price,0.0057,1415
KOSPI,029780,KOSPI,323410,PARTNER,NEGATIVE,price,-0.1446,235
KOSPI,003670,KOSPI,373220,PARTNER,POSITIVE,fallback,,0
KOSPI,005930,NASDAQ,AMD,PARTNER,POSITIVE,price,0.0468,1413
KOSPI,042660,KOSPI,329180,COMPETE,POSITIVE,price,0.3987,235
KOSPI,042700,KOSPI,000660,SUPPLY,POSITIVE,price,0.2712,1415
KOSPI,035420,KOSPI,352820,PARTNER,POSITIVE,price,0.2342,474
KOSPI,032640,NASDAQ,QCOM,PARTNER,POSITIVE,price,-0.0159,1413
KOSPI,064400,NASDAQ,AMZN,PARTNER,POSITIVE,fallback,,0
KOSPI,006800,KOSPI,017670,PARTNER,POSITIVE,price,0.0091,1415
KOSPI,005930,NASDAQ,SNPS,PARTNER,POSITIVE,price,0.017,1413
KOSPI,051910,KOSPI,090430,PARTNER,POSITIVE,price,-0.0199,1415
KOSPI,079550,KOSPI,272210,PARTNER,POSITIVE,price,0.2778,714
KOSPI,030200,NASDAQ,MSFT,PARTNER,POSITIVE,price,-0.0254,1413
KOSPI,005930,NASDAQ,AVGO,COMPETE,POSITIVE,price,-0.0068,1413
KOSPI,035420,NASDAQ,QCOM,PARTNER,POSITIVE,price,-0.019,1413
KOSPI,017670,KOSPI,035720,PARTNER,POSITIVE,price,-0.0078,1415
KOSPI,012450,KOSPI,373220,PARTNER,POSITIVE,fallback,,0
KOSPI,086280,KOSPI,373220,PARTNER,POSITIVE,fallback,,0
KOSPI,005930,KOSPI,029780,PARTNER,NEGATIVE,price,-0.0536,1415
KOSPI,010950,KOSPI,055550,PARTNER,POSITIVE,price,0.0935,1415
KOSPI,017670,KOSPI,377300,PARTNER,NEGATIVE,price,-0.1552,235
NASDAQ,SPCX,NASDAQ,TMUS,PARTNER,POSITIVE,fallback,,0
KOSPI,032640,KOSPI,105560,PARTNER,POSITIVE,price,0.0798,1415
KOSPI,000660,NASDAQ,SNDK,PARTNER,POSITIVE,fallback,,0
KOSPI,005930,KOSPI,272210,PARTNER,POSITIVE,price,-0.0383,714
KOSPI,047810,KOSPI,066570,PARTNER,NEGATIVE,price,-0.0555,1415
KOSPI,028260,KOSPI,316140,PARTNER,POSITIVE,price,0.0334,714
KOSPI,005930,NASDAQ,AAPL,COMPETE,POSITIVE,price,0.0292,1413
KOSPI,015760,KOSPI,030200,PARTNER,POSITIVE,price,0.202,1415
KOSPI,005930,NASDAQ,INTC,COMPETE,POSITIVE,price,0.038,1413
KOSPI,055550,NASDAQ,GOOGL,PARTNER,POSITIVE,price,0.0137,1413
KOSPI,017670,NASDAQ,QCOM,PARTNER,POSITIVE,price,-0.0084,1413
KOSPI,015760,KOSPI,373220,PARTNER,POSITIVE,fallback,,0
KOSPI,018260,KOSPI,030200,PARTNER,POSITIVE,price,-0.0205,1415
KOSPI,005380,KOSPI,373220,PARTNER,POSITIVE,fallback,,0
KOSPI,010120,KOSPI,373220,PARTNER,POSITIVE,fallback,,0
KOSPI,012450,KOSPI,272210,PARTNER,POSITIVE,price,0.3351,714
KOSPI,032640,KOSPI,064400,PARTNER,POSITIVE,fallback,,0
KOSPI,003490,KOSPI,079550,PARTNER,POSITIVE,price,-0.0101,1415
KOSPI,105560,NASDAQ,GOOGL,PARTNER,POSITIVE,price,0.0128,1413
KOSPI,005380,KOSPI,010130,PARTNER,POSITIVE,price,-0.0436,1415
KOSPI,010140,KOSPI,011200,PARTNER,POSITIVE,price,0.0,1415
KOSPI,009150,KOSPI,011070,COMPETE,POSITIVE,price,0.3705,1415
KOSPI,011070,KOSPI,055550,PARTNER,NEGATIVE,price,-0.1663,1415
KOSPI,017670,NASDAQ,NFLX,PARTNER,POSITIVE,price,-0.0112,1413
KOSPI,030200,KOSPI,071050,PARTNER,NEGATIVE,price,-0.0812,1415
KOSPI,005930,NASDAQ,CSCO,PARTNER,POSITIVE,price,0.0117,1413
KOSPI,005380,NASDAQ,AMZN,PARTNER,POSITIVE,price,-0.0149,1413
KOSPI,009150,NASDAQ,AAPL,SUPPLY,POSITIVE,price,0.0406,1413
KOSPI,005490,KOSPI,028050,PARTNER,POSITIVE,price,0.0689,1415
KOSPI,000660,NASDAQ,ASML,PARTNER,POSITIVE,price,0.0829,1413
KOSPI,009540,KOSPI,011200,PARTNER,POSITIVE,price,-0.0172,1415
KOSPI,066570,NASDAQ,NVDA,PARTNER,POSITIVE,price,0.0297,1413
KOSPI,003670,KOSPI,105560,PARTNER,NEGATIVE,price,-0.1553,1415
KOSPI,005490,KOSPI,042660,PARTNER,POSITIVE,price,0.0093,1415
KOSPI,035720,KOSPI,271560,PARTNER,POSITIVE,price,0.0844,1182
KOSPI,035420,KOSPI,090430,PARTNER,POSITIVE,price,0.1,1415
KOSPI,012330,KOSPI,373220,PARTNER,POSITIVE,fallback,,0
NASDAQ,MSFT,NASDAQ,WDAY,PARTNER,POSITIVE,price,0.0683,1463
KOSPI,030200,KOSPI,066570,PARTNER,NEGATIVE,price,-0.0709,1415
KOSPI,005930,NASDAQ,NVDA,SUPPLY,POSITIVE,price,0.0668,1413
KOSPI,035420,KOSPI,066570,PARTNER,POSITIVE,price,0.0457,1415
KOSPI,066570,NASDAQ,MSFT,PARTNER,POSITIVE,price,0.0456,1413
KOSPI,017670,NASDAQ,NVDA,PARTNER,POSITIVE,price,-0.0478,1413
KOSPI,042660,KOSPI,267250,COMPETE,POSITIVE,price,0.2306,1182
KOSPI,0126Z0,KOSPI,068270,COMPETE,POSITIVE,price,,0
KOSPI,032640,KOSPI,316140,PARTNER,POSITIVE,price,0.1031,714
KOSPI,005930,KOSPI,066570,COMPETE,POSITIVE,price,0.0876,1415
NASDAQ,AMD,NASDAQ,INTC,COMPETE,POSITIVE,price,-0.0557,1463
KOSPI,373220,NASDAQ,TSLA,SUPPLY,POSITIVE,fallback,,0
KOSPI,005380,KOSPI,017670,PARTNER,POSITIVE,price,0.0047,1415
KOSPI,024110,KOSPI,035420,PARTNER,NEGATIVE,price,-0.1182,1415
KOSPI,017670,KOSPI,402340,PARTNER,POSITIVE,fallback,,0
KOSPI,066970,NASDAQ,TSLA,SUPPLY,POSITIVE,price,0.1069,1413
KOSPI,005930,KOSPI,047040,PARTNER,NEGATIVE,price,-0.1089,1415
KOSPI,005490,KOSPI,066570,PARTNER,NEGATIVE,price,-0.0511,1415
KOSPI,096770,KOSPI,373220,PARTNER,POSITIVE,fallback,,0
KOSPI,066570,NASDAQ,QCOM,PARTNER,POSITIVE,price,-0.0344,1413
KOSPI,000270,KOSPI,005380,PARTNER,POSITIVE,price,0.6308,1415
KOSPI,010120,KOSPI,066570,PARTNER,POSITIVE,price,-0.0185,1415
KOSPI,015760,KOSPI,066570,PARTNER,POSITIVE,price,-0.0454,1415
NASDAQ,TSLA,NASDAQ,PEP,SUPPLY,NEGATIVE,price,-0.1107,1463
KOSPI,088350,KOSPI,316140,PARTNER,POSITIVE,price,0.1783,714
KOSPI,005930,NASDAQ,WDC,PARTNER,POSITIVE,price,0.0212,1413
KOSPI,005930,KOSPI,316140,PARTNER,POSITIVE,price,0.0248,714
KOSPI,000270,KOSPI,161390,PARTNER,POSITIVE,price,0.1691,1415
KOSPI,035420,KOSPI,035720,COMPETE,POSITIVE,price,0.4394,1415
KOSPI,000660,NASDAQ,QCOM,PARTNER,POSITIVE,price,0.0201,1413
KOSPI,032640,KOSPI,035420,PARTNER,POSITIVE,price,-0.0002,1415
KOSPI,017670,KOSPI,105560,PARTNER,POSITIVE,price,0.0787,1415
KOSPI,005930,KOSPI,015760,PARTNER,NEGATIVE,price,-0.1033,1415
KOSPI,034020,KOSPI,064350,PARTNER,POSITIVE,price,0.1014,1415
NASDAQ,AVGO,NASDAQ,MRVL,COMPETE,POSITIVE,price,0.2096,1463
KOSPI,005380,KOSPI,030200,PARTNER,POSITIVE,price,0.0357,1415
KOSPI,000810,KOSPI,316140,PARTNER,POSITIVE,price,0.233,714
KOSPI,012330,KOSPI,086790,PARTNER,POSITIVE,price,0.0223,1415
KOSPI,030200,NASDAQ,NFLX,PARTNER,POSITIVE,price,-0.0339,1413
KOSPI,029780,NASDAQ,SBUX,PARTNER,POSITIVE,price,0.0118,1413
KOSPI,000660,NASDAQ,MU,COMPETE,POSITIVE,price,0.3058,1413
KOSPI,005380,KOSPI,064350,PARTNER,NEGATIVE,price,-0.0596,1415
KOSPI,030200,KOSPI,051910,PARTNER,NEGATIVE,price,-0.1017,1415
KOSPI,035420,NASDAQ,PDD,PARTNER,POSITIVE,price,-0.0035,950
KOSPI,005930,NASDAQ,GOOGL,PARTNER,POSITIVE,price,0.034,1413
NASDAQ,GOOGL,NASDAQ,QCOM,PARTNER,POSITIVE,price,0.0274,1463
KOSPI,051910,NASDAQ,TSLA,SUPPLY,POSITIVE,price,0.1085,1413
KOSPI,003670,KOSPI,006400,SUPPLY,POSITIVE,price,0.3388,1415
KOSPI,0126Z0,NASDAQ,AMGN,COMPETE,POSITIVE,price,,0
KOSPI,047810,KOSPI,064350,PARTNER,POSITIVE,price,0.104,1415
KOSPI,015760,KOSPI,028260,PARTNER,POSITIVE,price,0.0569,1415
KOSPI,035420,NASDAQ,SBUX,PARTNER,POSITIVE,price,-0.0493,1413
KOSPI,003490,KOSPI,030200,PARTNER,POSITIVE,price,-0.0385,1415
KOSPI,035420,NASDAQ,NVDA,PARTNER,POSITIVE,price,0.0748,1413
KOSPI,055550,KOSPI,377300,PARTNER,NEGATIVE,price,-0.1819,235
KOSPI,012450,KOSPI,042660,PARTNER,POSITIVE,price,0.0118,1415
KOSPI,003490,KOSPI,047810,PARTNER,POSITIVE,price,-0.0125,1415
KOSPI,000720,KOSPI,005380,PARTNER,NEGATIVE,price,-0.0597,1415
KOSPI,000660,KOSPI,402340,PARTNER,POSITIVE,fallback,,0
KOSPI,009540,KOSPI,042660,COMPETE,POSITIVE,price,0.4276,1415
KOSPI,006800,KOSPI,086790,PARTNER,POSITIVE,price,0.1166,1415
KOSPI,035420,KOSPI,035720,PARTNER,POSITIVE,price,0.4394,1415
KOSPI,267250,KOSPI,267270,PARTNER,POSITIVE,price,0.0719,1182
KOSPI,017670,KOSPI,316140,PARTNER,POSITIVE,price,0.0338,714
KOSPI,005380,KOSPI,086280,PARTNER,POSITIVE,price,0.3581,1415
KOSPI,016360,KOSPI,024110,PARTNER,POSITIVE,price,0.2107,1415
KOSPI,066570,NASDAQ,GOOGL,PARTNER,POSITIVE,price,0.0323,1413
KOSPI,032640,KOSPI,066570,PARTNER,POSITIVE,price,-0.0405,1415
KOSPI,051910,KOSPI,096770,COMPETE,POSITIVE,price,0.1764,1415
KOSPI,005930,NASDAQ,MSFT,PARTNER,POSITIVE,price,0.0408,1413
KOSPI,000660,NASDAQ,NVDA,PARTNER,POSITIVE,price,0.0537,1413
KOSPI,055550,KOSPI,105560,COMPETE,POSITIVE,price,0.6399,1415
KOSPI,005930,NASDAQ,QCOM,PARTNER,POSITIVE,price,-0.0,1413
KOSPI,006400,KOSPI,373220,PARTNER,POSITIVE,fallback,,0
NASDAQ,AMD,NASDAQ,NVDA,COMPETE,POSITIVE,price,0.4171,1463
KOSPI,000660,NASDAQ,INTC,COMPETE,POSITIVE,price,0.0391,1413
KOSPI,005930,NASDAQ,TSLA,PARTNER,POSITIVE,price,-0.0124,1413
KOSPI,042660,KOSPI,329180,PARTNER,POSITIVE,price,0.3987,235
KOSPI,010140,KOSPI,042660,PARTNER,POSITIVE,price,0.3587,1415
KOSPI,005930,KOSPI,017670,PARTNER,NEGATIVE,price,-0.0527,1415
KOSPI,005930,NASDAQ,INTC,PARTNER,POSITIVE,price,0.038,1413
KOSPI,051910,KOSPI,096770,PARTNER,POSITIVE,price,0.1764,1415
KOSPI,000660,KOSPI,005930,COMPETE,POSITIVE,price,0.5684,1415
KOSPI,030200,KOSPI,032640,PARTNER,POSITIVE,price,0.4401,1415
KOSPI,000660,NASDAQ,INTC,PARTNER,POSITIVE,price,0.0391,1413
KOSPI,030200,KOSPI,032640,COMPETE,POSITIVE,price,0.4401,1415
KOSPI,005930,KOSPI,032640,PARTNER,NEGATIVE,price,-0.0739,1415
KOSPI,005930,KOSPI,066570,PARTNER,POSITIVE,price,0.0876,1415
KOSPI,066570,NASDAQ,AAPL,PARTNER,POSITIVE,price,0.079,1413
KOSPI,005930,KOSPI,030200,PARTNER,NEGATIVE,price,-0.1435,1415
