source_market,source_stock_code,target_market,target_stock_code,relationship_type_code,document_id
NASDAQ,AAPL,NASDAQ,MSFT,COMPETE,3ea3fa48-6249-5ea7-af1d-18d45eca42c0
NASDAQ,AAPL,NASDAQ,MSFT,COMPETE,f3061c32-6528-538f-b938-90b20adbda9f
NASDAQ,ABNB,NASDAQ,BKNG,COMPETE,a3271add-a6ab-50e4-85b2-a60efca84f89
NASDAQ,AMD,NASDAQ,INTC,COMPETE,0529b552-1689-58cb-80f3-1a280be23246
NASDAQ,AMD,NASDAQ,INTC,COMPETE,34a98831-8b4d-5900-a3ad-052cb4ed66b5
NASDAQ,AMD,NASDAQ,INTC,COMPETE,dfce0e63-0702-5066-adb6-877087fe9f53
NASDAQ,AMD,NASDAQ,NVDA,COMPETE,19546f5e-cb16-5199-91b6-f187c6f1296f
NASDAQ,AMD,NASDAQ,NVDA,COMPETE,5deef42f-56ff-5ffa-ae3c-b50a8e84aca8
NASDAQ,AMD,NASDAQ,NVDA,COMPETE,6673cd68-754d-56dd-86fc-c50cf86c3329
NASDAQ,AMZN,NASDAQ,GOOGL,COMPETE,7afec032-af56-514b-853a-c5f939201ac3
NASDAQ,AMZN,NASDAQ,MSFT,COMPETE,277f05d6-107b-5996-a856-cec49ea41056
NASDAQ,AMZN,NASDAQ,MSFT,COMPETE,3f4c22e9-060f-5434-b11b-0a60647f4415
NASDAQ,AMZN,NASDAQ,MSFT,COMPETE,714920a6-594f-5619-8885-398c558cee40
NASDAQ,AMZN,NASDAQ,MSFT,COMPETE,8a4e3924-2c39-5169-970a-210244c5eb7f
NASDAQ,AMZN,NASDAQ,SHOP,COMPETE,58c285d2-378e-57a3-bd67-9c5805093294
NASDAQ,AMZN,NASDAQ,SHOP,COMPETE,6f8764c2-ac9c-5b4c-a50f-a2c49042f321
NASDAQ,AMZN,NASDAQ,SHOP,COMPETE,b1da07d9-d9d8-58a0-b21c-35659cd3da0b
NASDAQ,AMZN,NASDAQ,SHOP,COMPETE,da74451f-848e-51e0-907b-ccee30c782c1
NASDAQ,AMZN,NASDAQ,SHOP,COMPETE,ec9507f9-b57b-5a7b-900e-4118b7c81230
NASDAQ,AMZN,NASDAQ,WMT,COMPETE,06e748c0-b562-5a96-a590-853ec5eb6033
NASDAQ,AMZN,NASDAQ,WMT,COMPETE,4b57d4ac-74ec-5c11-906a-2fca31630e31
NASDAQ,AMZN,NASDAQ,WMT,COMPETE,60d67e8d-2cda-551a-9efc-b6f0fe033be4
NASDAQ,AMZN,NASDAQ,WMT,COMPETE,96ad43d2-aaab-5f4b-81de-9266981d37f5
NASDAQ,AMZN,NASDAQ,WMT,COMPETE,ac113fc4-7965-5bb8-bf95-a28754d94f30
NASDAQ,AMZN,NASDAQ,WMT,COMPETE,b59dc981-7e4b-521a-9124-aa7210e153e7
NASDAQ,AMZN,NASDAQ,WMT,COMPETE,b9232be9-c2c7-598a-a01f-88566c906791
NASDAQ,AMZN,NASDAQ,WMT,COMPETE,db348aca-7394-5f16-912f-5661218ff6c5
NASDAQ,CRWV,NASDAQ,NBIS,COMPETE,631e12c8-59c1-5b42-8673-d4ac3afe55ef
NASDAQ,CRWV,NASDAQ,NBIS,COMPETE,85f537f7-f0d7-5efb-a24a-0a13bf5063ea
NASDAQ,CRWV,NASDAQ,NBIS,COMPETE,f009e0b0-41a2-51c9-bc73-4ab8f925a05e
NASDAQ,INTC,NASDAQ,QCOM,COMPETE,2d38b5fb-03f6-5cf7-b872-65501f66e365
NASDAQ,META,NASDAQ,SHOP,COMPETE,e3007013-5919-599a-a2ca-b7784f32aa15
NASDAQ,NXPI,NASDAQ,QCOM,COMPETE,5c8277fb-9d67-5cbf-9504-d0786162f8e6
NASDAQ,PYPL,NASDAQ,SHOP,COMPETE,f7da7e57-3e68-5d5a-a611-ede9069c8094
NASDAQ,RKLB,NASDAQ,SPCX,COMPETE,1fd28c30-ea38-55bf-b233-e9d8d368e173
NASDAQ,RKLB,NASDAQ,SPCX,COMPETE,a46a39f8-05e2-525a-a848-1a3ff805fc2f
NASDAQ,STX,NASDAQ,WDC,COMPETE,35a93e14-a6bb-54d4-bdb5-383da13a45d3
KOSPI,000270,NASDAQ,AAPL,PARTNER,29171ac4-b272-53a6-bb79-50dca77bcbe0
KOSPI,003550,KOSPI,064400,PARTNER,8d9d2693-2acc-5e4a-b34a-47a2ec984ba2
KOSPI,017670,NASDAQ,AMZN,PARTNER,e6321ee9-fc11-5b73-b947-a7c9b484573e
KOSPI,051910,NASDAQ,TSLA,PARTNER,31e24128-12f3-5e24-a45a-428ee9088ef8
NASDAQ,AAPL,NASDAQ,DXCM,PARTNER,04ce6530-1da4-55a2-9907-ba48cc47c606
NASDAQ,AAPL,NASDAQ,GOOGL,PARTNER,3c8ca1c3-a4f5-590f-9fe5-22985f01997b
NASDAQ,AAPL,NASDAQ,GOOGL,PARTNER,54e8022f-0943-5fbe-9da0-301247802564
NASDAQ,AAPL,NASDAQ,GOOGL,PARTNER,56b6c2c1-2d07-5731-8680-5258d430038b
NASDAQ,AAPL,NASDAQ,GOOGL,PARTNER,fdb86325-f57f-5d12-ae9d-d269b3132651
NASDAQ,AAPL,NASDAQ,META,PARTNER,43812440-6a5c-5724-856f-f6639ae83537
NASDAQ,AAPL,NASDAQ,MSFT,PARTNER,85b676fd-b5fe-5534-ae6c-aa76880439fc
NASDAQ,AAPL,NASDAQ,PYPL,PARTNER,9975f247-a746-555e-bf68-51622b5b4afd
NASDAQ,AAPL,NASDAQ,SHOP,PARTNER,7b7a4cc1-0d0b-5521-8069-56452dcd8f97
NASDAQ,AMD,NASDAQ,GOOGL,PARTNER,61dbf215-de1f-5ebe-a30c-74a1d9a52ea4
NASDAQ,AMD,NASDAQ,META,PARTNER,024f2e81-5f5b-5f50-bbd1-8da47c37fb99
NASDAQ,AMD,NASDAQ,META,PARTNER,2e046a00-4332-5557-8960-f38058d5cad1
NASDAQ,AMD,NASDAQ,META,PARTNER,a8ac4fdb-761d-5678-b058-142fa6f0b4f0
NASDAQ,AMD,NASDAQ,META,PARTNER,bd42f964-004b-5fc2-b796-e1def6430fda
NASDAQ,AMD,NASDAQ,META,PARTNER,fe967f06-947f-5b88-90ee-1876b9749f65
NASDAQ,AMZN,NASDAQ,CRWD,PARTNER,87fc088c-d0c1-594b-acb0-4a18893582f9
NASDAQ,AMZN,NASDAQ,DDOG,PARTNER,970dc636-baf3-5b96-8fdb-6c4e07698493
NASDAQ,AMZN,NASDAQ,DDOG,PARTNER,b8812740-921f-5a7d-aed1-c306af4a6bb2
NASDAQ,AMZN,NASDAQ,MSFT,PARTNER,277f05d6-107b-5996-a856-cec49ea41056
NASDAQ,AMZN,NASDAQ,SHOP,PARTNER,2fffa53b-abe8-5936-9cf9-e74972680ed9
NASDAQ,AMZN,NASDAQ,SHOP,PARTNER,58c285d2-378e-57a3-bd67-9c5805093294
NASDAQ,CRWD,NASDAQ,NVDA,PARTNER,19654ea1-7405-5256-82a2-9c4f13d79d1c
NASDAQ,CRWV,NASDAQ,NVDA,PARTNER,8763fa0f-3768-53ba-8a09-7f51547e3311
NASDAQ,CRWV,NASDAQ,NVDA,PARTNER,aa374c5f-fbf3-5f11-8aa5-43258619ece8
NASDAQ,CRWV,NASDAQ,NVDA,PARTNER,ce24c8cd-7d91-5b02-b3e1-633d60a9bd13
NASDAQ,DASH,NASDAQ,SBUX,PARTNER,f7dd139b-80e3-5345-b02c-b8fc971c0fc2
NASDAQ,GOOGL,NASDAQ,PYPL,PARTNER,f21821b9-6ebf-5e69-9eec-9e58496604cd
NASDAQ,GOOGL,NASDAQ,SHOP,PARTNER,e86fc6e2-4575-5d0d-a90a-c4be9ddb5e53
NASDAQ,INTC,NASDAQ,MSFT,PARTNER,9cd6faab-5dd1-583a-8609-1209f5e2c7a8
NASDAQ,LITE,NASDAQ,NVDA,PARTNER,52cd75b0-4147-5fcf-8661-6e916fc7b7af
NASDAQ,META,NASDAQ,MSFT,PARTNER,f522fbf7-2366-5886-b49d-f3693b89285d
NASDAQ,META,NASDAQ,NVDA,PARTNER,c9a87ad6-bc79-5b71-b550-dcc3f64660f4
NASDAQ,META,NASDAQ,PYPL,PARTNER,d190a13f-2c87-5c7d-a218-d8c3ad942c7c
NASDAQ,MSFT,NASDAQ,WMT,PARTNER,f4881c11-c2b4-5032-898c-7ce5bb70a4d2
NASDAQ,NVDA,NASDAQ,PLTR,PARTNER,0e389845-4caa-5b05-8d4e-d9e9704e74ca
NASDAQ,NVDA,NASDAQ,PLTR,PARTNER,5bffc7b8-110a-526b-a663-3239a8c2c0dd
NASDAQ,NVDA,NASDAQ,PLTR,PARTNER,5c917107-8635-5098-9a70-6ec1c2802aa3
NASDAQ,NVDA,NASDAQ,PLTR,PARTNER,7a791f49-dae8-5085-826e-83fd33eb31ca
NASDAQ,NVDA,NASDAQ,PLTR,PARTNER,a2d804b6-8c81-5566-aa07-19b0500181dc
NASDAQ,NVDA,NASDAQ,PLTR,PARTNER,f371b98b-7a5d-5dc5-a15c-bdae74211e11
NASDAQ,NVDA,NASDAQ,SNPS,PARTNER,784b4e01-dee8-5ed5-b657-bc45de0ef817
NASDAQ,NVDA,NASDAQ,SNPS,PARTNER,92cf3e9a-76d7-5fc4-bbf2-adbd0ff6f269
NASDAQ,NVDA,NASDAQ,SNPS,PARTNER,ea51f044-fcae-5f21-8816-17da3949c979
NASDAQ,PAYX,NASDAQ,PYPL,PARTNER,d3640357-7910-5ff7-b601-f01935c05f52
NASDAQ,SHOP,NASDAQ,WMT,PARTNER,faba5717-4e6c-524e-9902-ee865f664d47
KOSPI,005380,KOSPI,012330,SUPPLY,8b89f0a6-512c-5bc9-897b-c8b78bbccf6d
KOSPI,005930,NASDAQ,AAPL,SUPPLY,28c46605-a3e6-51dd-b9a4-92420e171af7
KOSPI,066970,NASDAQ,TSLA,SUPPLY,4abb35f6-8a48-59b5-a4fb-132e3585c1a1
KOSPI,373220,NASDAQ,TSLA,SUPPLY,c14878c9-f314-526e-9c1e-571d27494782
NASDAQ,AAPL,NASDAQ,LITE,SUPPLY,8b75c9b6-e6bb-5990-b03f-f330592a3817
NASDAQ,AAPL,NASDAQ,LITE,SUPPLY,cdd32f56-0c5d-5de7-9dd2-52df466d5e6e
NASDAQ,LITE,NASDAQ,AAPL,SUPPLY,8b75c9b6-e6bb-5990-b03f-f330592a3817
NASDAQ,NVDA,NASDAQ,CRWV,SUPPLY,f10f8330-acd4-5911-a26a-904335129e20
NASDAQ,NXPI,NASDAQ,ARM,SUPPLY,5a2f47a8-9f04-5b49-8512-42500e57f901
