source_market,source_stock_code,target_market,target_stock_code,relationship_type_code,window_type,score,news_score,disclosure_score,impact_direction,confidence,evidence_count,formula_version,as_of_at
NASDAQ,AAPL,NASDAQ,MSFT,COMPETE,30D,32.967995,32.967995,,,0.6106,2,rel-v0.4-en-news,2026-09-21T00:00:00Z
NASDAQ,ABNB,NASDAQ,BKNG,COMPETE,30D,18.126925,18.126925,,,0.558752,1,rel-v0.4-en-news,2026-09-21T00:00:00Z
NASDAQ,AMD,NASDAQ,INTC,COMPETE,30D,45.118836,45.118836,,,0.656355,3,rel-v0.4-en-news,2026-09-21T00:00:00Z
NASDAQ,AMD,NASDAQ,NVDA,COMPETE,30D,45.118836,45.118836,,,0.656355,3,rel-v0.4-en-news,2026-09-21T00:00:00Z
NASDAQ,AMZN,NASDAQ,GOOGL,COMPETE,30D,18.126925,18.126925,,,0.558752,1,rel-v0.4-en-news,2026-09-21T00:00:00Z
NASDAQ,AMZN,NASDAQ,MSFT,COMPETE,30D,55.067104,55.067104,,,0.696735,4,rel-v0.4-en-news,2026-09-21T00:00:00Z
NASDAQ,AMZN,NASDAQ,SHOP,COMPETE,30D,63.212056,63.212056,,,0.732369,5,rel-v0.4-en-news,2026-09-21T00:00:00Z
NASDAQ,AMZN,NASDAQ,WMT,COMPETE,30D,79.810348,79.810348,,,0.81606,8,rel-v0.4-en-news,2026-09-21T00:00:00Z
NASDAQ,CRWV,NASDAQ,NBIS,COMPETE,30D,45.118836,45.118836,,,0.656355,3,rel-v0.4-en-news,2026-09-21T00:00:00Z
NASDAQ,INTC,NASDAQ,QCOM,COMPETE,30D,18.126925,18.126925,,,0.558752,1,rel-v0.4-en-news,2026-09-21T00:00:00Z
NASDAQ,META,NASDAQ,SHOP,COMPETE,30D,18.126925,18.126925,,,0.558752,1,rel-v0.4-en-news,2026-09-21T00:00:00Z
NASDAQ,NXPI,NASDAQ,QCOM,COMPETE,30D,18.126925,18.126925,,,0.558752,1,rel-v0.4-en-news,2026-09-21T00:00:00Z
NASDAQ,PYPL,NASDAQ,SHOP,COMPETE,30D,18.126925,18.126925,,,0.558752,1,rel-v0.4-en-news,2026-09-21T00:00:00Z
NASDAQ,RKLB,NASDAQ,SPCX,COMPETE,30D,32.967995,32.967995,,,0.6106,2,rel-v0.4-en-news,2026-09-21T00:00:00Z
NASDAQ,STX,NASDAQ,WDC,COMPETE,30D,18.126925,18.126925,,,0.558752,1,rel-v0.4-en-news,2026-09-21T00:00:00Z
KOSPI,000270,NASDAQ,AAPL,PARTNER,30D,18.126925,18.126925,,,0.558752,1,rel-v0.4-en-news,2026-09-21T00:00:00Z
KOSPI,003550,KOSPI,064400,PARTNER,30D,18.126925,18.126925,,,0.558752,1,rel-v0.4-en-news,2026-09-21T00:00:00Z
KOSPI,017670,NASDAQ,AMZN,PARTNER,30D,18.126925,18.126925,,,0.558752,1,rel-v0.4-en-news,2026-09-21T00:00:00Z
KOSPI,051910,NASDAQ,TSLA,PARTNER,30D,18.126925,18.126925,,,0.558752,1,rel-v0.4-en-news,2026-09-21T00:00:00Z
NASDAQ,AAPL,NASDAQ,DXCM,PARTNER,30D,18.126925,18.126925,,,0.558752,1,rel-v0.4-en-news,2026-09-21T00:00:00Z
NASDAQ,AAPL,NASDAQ,GOOGL,PARTNER,30D,55.067104,55.067104,,,0.696735,4,rel-v0.4-en-news,2026-09-21T00:00:00Z
NASDAQ,AAPL,NASDAQ,META,PARTNER,30D,18.126925,18.126925,,,0.558752,1,rel-v0.4-en-news,2026-09-21T00:00:00Z
NASDAQ,AAPL,NASDAQ,MSFT,PARTNER,30D,18.126925,18.126925,,,0.558752,1,rel-v0.4-en-news,2026-09-21T00:00:00Z
NASDAQ,AAPL,NASDAQ,PYPL,PARTNER,30D,18.126925,18.126925,,,0.558752,1,rel-v0.4-en-news,2026-09-21T00:00:00Z
NASDAQ,AAPL,NASDAQ,SHOP,PARTNER,30D,18.126925,18.126925,,,0.558752,1,rel-v0.4-en-news,2026-09-21T00:00:00Z
NASDAQ,AMD,NASDAQ,GOOGL,PARTNER,30D,18.126925,18.126925,,,0.558752,1,rel-v0.4-en-news,2026-09-21T00:00:00Z
NASDAQ,AMD,NASDAQ,META,PARTNER,30D,63.212056,63.212056,,,0.732369,5,rel-v0.4-en-news,2026-09-21T00:00:00Z
NASDAQ,AMZN,NASDAQ,CRWD,PARTNER,30D,18.126925,18.126925,,,0.558752,1,rel-v0.4-en-news,2026-09-21T00:00:00Z
NASDAQ,AMZN,NASDAQ,DDOG,PARTNER,30D,32.967995,32.967995,,,0.6106,2,rel-v0.4-en-news,2026-09-21T00:00:00Z
NASDAQ,AMZN,NASDAQ,MSFT,PARTNER,30D,18.126925,18.126925,,,0.558752,1,rel-v0.4-en-news,2026-09-21T00:00:00Z
NASDAQ,AMZN,NASDAQ,SHOP,PARTNER,30D,32.967995,32.967995,,,0.6106,2,rel-v0.4-en-news,2026-09-21T00:00:00Z
NASDAQ,CRWD,NASDAQ,NVDA,PARTNER,30D,18.126925,18.126925,,,0.558752,1,rel-v0.4-en-news,2026-09-21T00:00:00Z
NASDAQ,CRWV,NASDAQ,NVDA,PARTNER,30D,45.118836,45.118836,,,0.656355,3,rel-v0.4-en-news,2026-09-21T00:00:00Z
NASDAQ,DASH,NASDAQ,SBUX,PARTNER,30D,18.126925,18.126925,,,0.558752,1,rel-v0.4-en-news,2026-09-21T00:00:00Z
NASDAQ,GOOGL,NASDAQ,PYPL,PARTNER,30D,18.126925,18.126925,,,0.558752,1,rel-v0.4-en-news,2026-09-21T00:00:00Z
NASDAQ,GOOGL,NASDAQ,SHOP,PARTNER,30D,18.126925,18.126925,,,0.558752,1,rel-v0.4-en-news,2026-09-21T00:00:00Z
NASDAQ,INTC,NASDAQ,MSFT,PARTNER,30D,18.126925,18.126925,,,0.558752,1,rel-v0.4-en-news,2026-09-21T00:00:00Z
NASDAQ,LITE,NASDAQ,NVDA,PARTNER,30D,18.126925,18.126925,,,0.558752,1,rel-v0.4-en-news,2026-09-21T00:00:00Z
NASDAQ,META,NASDAQ,MSFT,PARTNER,30D,18.126925,18.126925,,,0.558752,1,rel-v0.4-en-news,2026-09-21T00:00:00Z
NASDAQ,META,NASDAQ,NVDA,PARTNER,30D,18.126925,18.126925,,,0.558752,1,rel-v0.4-en-news,2026-09-21T00:00:00Z
NASDAQ,META,NASDAQ,PYPL,PARTNER,30D,18.126925,18.126925,,,0.558752,1,rel-v0.4-en-news,2026-09-21T00:00:00Z
NASDAQ,MSFT,NASDAQ,WMT,PARTNER,30D,18.126925,18.126925,,,0.558752,1,rel-v0.4-en-news,2026-09-21T00:00:00Z
NASDAQ,NVDA,NASDAQ,PLTR,PARTNER,30D,69.880579,69.880579,,,0.763817,6,rel-v0.4-en-news,2026-09-21T00:00:00Z
NASDAQ,NVDA,NASDAQ,SNPS,PARTNER,30D,45.118836,45.118836,,,0.656355,3,rel-v0.4-en-news,2026-09-21T00:00:00Z
NASDAQ,PAYX,NASDAQ,PYPL,PARTNER,30D,18.126925,18.126925,,,0.558752,1,rel-v0.4-en-news,2026-09-21T00:00:00Z
NASDAQ,SHOP,NASDAQ,WMT,PARTNER,30D,18.126925,18.126925,,,0.558752,1,rel-v0.4-en-news,2026-09-21T00:00:00Z
KOSPI,005380,KOSPI,012330,SUPPLY,30D,18.126925,18.126925,,,0.558752,1,rel-v0.4-en-news,2026-09-21T00:00:00Z
KOSPI,005930,NASDAQ,AAPL,SUPPLY,30D,18.126925,18.126925,,,0.558752,1,rel-v0.4-en-news,2026-09-21T00:00:00Z
KOSPI,066970,NASDAQ,TSLA,SUPPLY,30D,18.126925,18.126925,,,0.558752,1,rel-v0.4-en-news,2026-09-21T00:00:00Z
KOSPI,373220,NASDAQ,TSLA,SUPPLY,30D,18.126925,18.126925,,,0.558752,1,rel-v0.4-en-news,2026-09-21T00:00:00Z
NASDAQ,AAPL,NASDAQ,LITE,SUPPLY,30D,32.967995,32.967995,,,0.6106,2,rel-v0.4-en-news,2026-09-21T00:00:00Z
NASDAQ,LITE,NASDAQ,AAPL,SUPPLY,30D,18.126925,18.126925,,,0.558752,1,rel-v0.4-en-news,2026-09-21T00:00:00Z
NASDAQ,NVDA,NASDAQ,CRWV,SUPPLY,30D,18.126925,18.126925,,,0.558752,1,rel-v0.4-en-news,2026-09-21T00:00:00Z
NASDAQ,NXPI,NASDAQ,ARM,SUPPLY,30D,18.126925,18.126925,,,0.558752,1,rel-v0.4-en-news,2026-09-21T00:00:00Z
