name,name_en,stock_code,market,description
삼성전자,"SAMSUNG ELECTRONICS CO,.LTD",005930,KOSPI,"통신 및 방송 장비 제조(무선) 제품, 반도체 제조(메모리) 제품, 전자부품 제조(디스플레이) 제품, 영상 및 음향기기 제조(영상기기) 제품 등"
SK하이닉스,SK hynix Inc.,000660,KOSPI,"반도체,컴퓨터,통신기기 제조,도매"
SK스퀘어,"SK Square Co., Ltd.",402340,KOSPI,지주회사
삼성전기,"SAMSUNG ELECTRO-MECHANICS CO.,LTD",009150,KOSPI,"수동소자 (MLCC, Inductor, Chip Resistor 등), 모듈(카메라모듈, 통신모듈), 반도체패키지 기판"
LG에너지솔루션,"LG ENERGY SOLUTION, LTD.",373220,KOSPI,"2차전지 (소형,ESS,자동차전지)"
현대차,HYUNDAI MOTOR CO,005380,KOSPI,"자동차(승용차,버스,트럭,특장차),자동차부품,자동차전착도료 제조,차량정비사업"
삼성바이오로직스,"SAMSUNG BIOLOGICS CO.,LTD.",207940,KOSPI,바이오의약품
KB금융,KB Financial Group Inc.,105560,KOSPI,-
삼성생명,"Samsung Life Insurance co., Ltd",032830,KOSPI,"생명보험,부동산 임대"
삼성물산,SAMSUNG C&T CORPORATION,028260,KOSPI,"도소매, 건설, 남자용 정장 제조업 등"
한화에어로스페이스,"HANWHA AEROSPACE CO., LTD.",012450,KOSPI,"항공기엔진,특수방산장비 제조/정비사업"
신한지주,"SHINHAN FINANCIAL GROUP CO.,LTD",055550,KOSPI,금융지주회사
두산에너빌리티,"DOOSAN ENERBILITY CO., LTD.",034020,KOSPI,"기관,터어빈,선박용엔진,주단조품,제강제품 제조/종합건설"
기아,KIA CORPORATION,000270,KOSPI,"승용차,중대형버스,트럭,민수특수차량,군수차량 제조,판매,정비"
HD현대중공업,"HD HYUNDAI HEAVY INDUSTRIES CO.,LTD.",329180,KOSPI,"선박, 해양플랜트 및 엔진기계 등"
삼성SDI,"SAMSUNG SDI CO.,LTD",006400,KOSPI,"2차전지, 전자재료 제조 판매"
셀트리온,"Celltrion, Inc.",068270,KOSPI,"램시마, 트룩시마, 허쥬마"
SK,SK Inc.,034730,KOSPI,"지주회사, 시스템통합(SI), 정보통신사업 관련 컨설팅,조사용역,정보통신기술 연구개발/정보통신기기,소프트웨어 개발,도매"
현대모비스,"HYUNDAI MOBIS CO.,LTD",012330,KOSPI,"자동차A/S용 부품,컨테이너,특수중기,산업기계제품 생산,판매,부품모듈화,부품수출사업,환경/플랜트사업,특수중기부문(컨테이너)"
하나금융지주,Hana Financial Group Inc.,086790,KOSPI,기타 금융
LG전자,LG ELECTRONICS INC.,066570,KOSPI,"이동통신단말기,C-TV,V.C.R.,컴퓨터,완전평면 TV,플라즈마 디스플레이 패널 TV,전자제품(세탁기외),CDMA(코드분할다중접속)이동통신,전자교환기,전송기기"
NAVER,NAVER Corporation,035420,KOSPI,포털 서비스 및 온라인 광고
삼성화재,"SAMSUNG FIRE & MARINE INSURANCE CO.,LTD",000810,KOSPI,"손해보험의 원수,재보험,운용자산의 투자활동"
LS ELECTRIC,"LS ELECTRIC CO., LTD",010120,KOSPI,"고압기기,저압기기,변압기,배전반,PLC,인버터,빌딩설비,공조기,건축배관,자동화기기 제조,동가공"
POSCO홀딩스,POSCO Holdings Inc.,005490,KOSPI,"열연코일,냉연강판,후판,선재,스테인리스 제조"
한화오션,"Hanwha Ocean Co., Ltd.",042660,KOSPI,선박 제조
HD현대일렉트릭,"HD HYUNDAI ELECTRIC CO.,LTD",267260,KOSPI,"변압기, 고압차단기, 회전기, 배전반 등"
고려아연,KOREA ZINC INC,010130,KOSPI,"연,아연괴 제조,판매"
효성중공업,Hyosung Heavy Industries Corporation,298040,KOSPI,-
우리금융지주,Woori Financial Group Inc.,316140,KOSPI,금융지주
HD한국조선해양,"HD KOREA SHIPBUILDING & OFFSHORE ENGINEERING CO., LTD.",009540,KOSPI,"선박,해양구조물,엔진,펌프 전동기,중전기,중장비 제조/자동창고,물류시스템"
SK이노베이션,"SK Innovation Co., Ltd.",096770,KOSPI,"석유정제,석유화학제품,윤활유제품,아스팔트제품,의약중간체 제조,판매,유전개발,대체에너지사업"
한미반도체,"HANMI Semiconductor CO., LTD.",042700,KOSPI,"반도체 후공정장비,반도체금형 제조/부동산 매매,임대"
한국전력,KOREA ELECTRIC POWER CORPORATION,015760,KOSPI,"전력자원개발,발전,송전,전력용기자재확보"
HMM,"HMM CO.,LTD",011200,KOSPI,"정기,부정기,전용선,콘테이너선,자동차선,LNG선 해운"
SK텔레콤,"SK TELECOM CO.,LTD",017670,KOSPI,"이동전화,무선호출서비스,부가통신"
LG화학,LG CHEM LTD,051910,KOSPI,"유화/기능/합성수지,재생섬유소,산업재,리튬이온전지,평광판,PVC 제조,도매"
HD현대,"HD HYUNDAI CO.,LTD.",267250,KOSPI,지주회사
삼성중공업,"SAMSUNG HEAVY INDUSTRIES CO.,LTD",010140,KOSPI,"선박(벌크선,원유운반선),철구조물,에너지플랜트 생산,판매/토목건축업"
미래에셋증권,"MIRAE ASSET SECURITIES CO.,LTD.",006800,KOSPI,"유가증권매매,유가증권위탁매매,유가증권인수"
S-Oil,S-Oil Corporation,010950,KOSPI,"석유제품,가스,윤활기유,윤활유,그리스,석유화학제품 제조,도매"
LG,LG Corp.,003550,KOSPI,지주회사
삼성에스디에스,"SAMSUNG SDS CO., LTD.",018260,KOSPI,"IT서비스, 물류BPO"
두산,"DOOSAN CO.,LTD",000150,KOSPI,"동박적층판 등 제조 및 판매, 유압기기 등 제조 및 판매, 지게차 제조 및 판매, IT 시스템 개발/운영 서비스 등, 연료전지 등"
KT&G,KT&G Corporation,033780,KOSPI,"잎담배,제조담배,홍삼,홍삼제품 제조,판매"
기업은행,INDUSTRIAL BANK OF KOREA,024110,KOSPI,은행업
포스코퓨처엠,"POSCO FUTURE M CO., LTD.",003670,KOSPI,"내화물, 생석회, 음극재 및 양극재"
카카오,Kakao Corp.,035720,KOSPI,인터넷 서비스(인터넷 광고)
현대글로비스,"HYUNDAI GLOVIS Co., LTD.",086280,KOSPI,"화물운송주선,화물포장,자동차 수리/산업용 기계장비 임대"
에이피알,"APR Co., Ltd.",278470,KOSPI,"화장품, 피부미용기기 등"
LIG디펜스앤에어로스페이스,"LIG Defense&Aerospace Co., Ltd.",079550,KOSPI,정밀유도무기 등
현대로템,Hyundai-Rotem Co.,064350,KOSPI,"철도차량, 특수중기, 산업기계"
KT,KT CORPORATION,030200,KOSPI,"유무선통신사업,공중전기통신사업,인터넷,전자상거래,네트워크(전용회선,데이터통신,초고속사업 등)"
현대건설,"HYUNDAI ENGINEERING & CONSTRUCTION CO.,LTD",000720,KOSPI,"공사수입,주택분양,건설산업부문 설계,감리 등 엔지니어링서비스"
LG이노텍,"LG INNOTEK CO., LTD.",011070,KOSPI,기타 전자부품 제조업
한화시스템,"HANWHA SYSTEMS Co., Ltd.",272210,KOSPI,"정밀기기(육해공군관련전자제어시스템,열영상감시장비,탐지추적장치,전투지휘체계시스템) 제조"
DB손해보험,"DB INSURANCE CO.,LTD",005830,KOSPI,"자동차보험,화재보험,해상보험,특종보험,장기보험"
한국항공우주,"KOREA AEROSPACE INDUSTRIES, LTD.",047810,KOSPI,"정부방산 및 완제기 수출(T-50계열, KUH계열, KT-1계열 등), 기체부품"
GS,GS Holdings,078930,KOSPI,지주회사/부동산 임대
대한항공,"KOREAN AIR LINES CO.,LTD",003490,KOSPI,"여객운송,화물운송,항공기 제조,판매,정비수리/기내식 제조판매,면세품 판매"
현대오토에버,HYUNDAI AUTOEVER CORPORATION.,307950,KOSPI,"차량SW, 내비게이션, 스마트팩토리, AI·클라우드 기반 솔루션, 디지털 전환 컨설팅 및 IT서비스"
한국금융지주,"Korea Investment Holdings Co., Ltd",071050,KOSPI,금융지주회사
삼양식품,Samyang Foods Inc.,003230,KOSPI,"라면,스낵,유제품,장유,식용유,사료,향신료,건강음료(루이보스 티) 제조,도매"
카카오뱅크,KakaoBank Corp.,323410,KOSPI,은행 및 금융서비스
크래프톤,"KRAFTON, Inc.",259960,KOSPI,<배틀그라운드> 등 게임 소프트웨어
포스코인터내셔널,POSCO INTERNATIONAL,047050,KOSPI,"영업활동의 주요 품목으로 에너지 사업내 천연가스 발전, 태양력, 풍력, 수소 등이 있으며, 트레이딩 사업은 철강 및 철강원료, 이차전지소재, 곡물, 유지, 면방, 바이오플라스틱, 친환경차부품, 인프라 및 산업 플랜트 등이 있음."
NH투자증권,"NH INVESTMENT & SECURITIES CO.,LTD.",005940,KOSPI,"증권업,종합금융"
한진칼,HANJINKAL,180640,KOSPI,"지주사업, 경영자문 및 컨설팅"
HD현대마린솔루션,"HD Hyundai Marine Solution Co., Ltd",443060,KOSPI,"AM(After Market) 솔루션, 친환경 Retrofit, 디지털 제어"
LS,LS Corp.,006260,KOSPI,"전력용전선,일반전선,통신케이블,동선,알루미늄선,공조기,프라스틱사출성형기 제조,도매"
삼성에피스홀딩스,"SAMSUNG EPIS HOLDINGS Co., Ltd.",0126Z0,KOSPI,지주회사
삼성E&A,"SAMSUNG E&A CO.,LTD",028050,KOSPI,"산업설비,건물,구축물,토목시설의 설계,시공,공사감리"
아모레퍼시픽,AMOREPACIFIC CORP.,090430,KOSPI,"화장품,생활용품 제조, 판매"
한국타이어앤테크놀로지,"HANKOOK TIRE & TECHNOLOGY CO.,LTD",161390,KOSPI,타이어 제조
이수페타시스,"ISUPETASYS CO.,LTD",007660,KOSPI,"P.C.B(인쇄회로기판),M.L.B 제조"
삼성증권,"SAMSUNG SECURITIES CO.,LTD",016360,KOSPI,"유가증권의 매매,위탁매매,인수주선"
하이브,"HYBE Co., Ltd.",352820,KOSPI,"음악 기획/제작, 퍼블리싱, 아티스트 매니지먼트"
한화,HANWHA CORP,000880,KOSPI,"화약,화공품,자동선반류,공작기계 제조,전자교환기,건설,정보통신,종합무역/임직원 및 개인대상 교육,세미나 및 워크샵 중계,동영상광고"
LG씨엔에스,"LG CNS Co., Ltd.",064400,KOSPI,"컨설팅, 시스템 구축/운영, 토탈 아웃소싱 및 AI, 클라우드·스마트팩토리 등 IT신기술 기반의 DX사업"
코웨이,"COWAY Co., Ltd.",021240,KOSPI,"렌탈 서비스(정수기,비데, 필터교환 등), 가정용기기 도매,판매,제조,폐기물처리설비,수출(정수기,청정기)"
키움증권,"KIWOOM Securities Co.,Ltd.",039490,KOSPI,"유가증권의 매매, 위탁, 인수, 주선"
대우건설,"DAEWOO ENGINEERING & CONSTRUCTION CO.,LTD",047040,KOSPI,"아파트건설,토목공사,건축공사,포장공사,전기공사,무역/중장비 대여"
한화솔루션,HANWHA SOLUTIONS CORPORATION,009830,KOSPI,"합성수지,유화부문(LDPE,LLDPE)제품 제조,플라스틱가공품(PVC),CA,무기화학제품,부동산업"
SK바이오팜,"SK biopharmaceuticals Co., Ltd.",326030,KOSPI,신경질환 및 정신질환을 포함한 중추신경 관련 신약 개발
HD건설기계,"HD Construction Equipment Co.,Ltd.",267270,KOSPI,"굴삭기, 지게차, 휠로더 등"
카카오페이,kakaopay Corp.,377300,KOSPI,"간편결제, 간편송금 및 기타 금융서비스"
가온전선,"GAON CABLE CO.,LTD",000500,KOSPI,"전력선,통신케이블 제조,도매,수출입"
LG유플러스,LG Uplus Corp,032640,KOSPI,"개인휴대통신서비스,음성서비스,데이터서비스,부가통신/단말기 도소매/프로그램 개발,자료제공"
두산밥캣,Doosan Bobcat Inc.,241560,KOSPI,"Compact Equipment, Heavy Equipment, Portable Power"
유한양행,YUHAN CORPORATION,000100,KOSPI,"의약품(삐콤씨, 안티푸라민, 렉라자, 로수바미브, 코푸시럽 등), 생활용품(유한락스, 해피홈, 유한젠), 동물약품"
한미약품,"Hanmi Pharm. Co., Ltd.",128940,KOSPI,의약품
산일전기,"SANIL ELECTRIC CO., LTD",062040,KOSPI,"유입, 몰드, 주상, 건식 변압기 등"
JB금융지주,"JB FINANCIAL GROUP CO.,LTD",175330,KOSPI,금융지주 회사
삼성카드,"SAMSUNG CARD CO.,LTD",029780,KOSPI,"신용카드업,상품신용판매,현금서비스,카드론,리스,기업대출,여행업무,통신판매"
대한전선,"Taihan Cable & Solution Co., Ltd.",001440,KOSPI,"전력선,통신케이블,적산계기,스텐레스압연제품,광케이블,초고압선,알루미늄 제조,도매/전기공사"
한화생명,"HANWHA LIFE INSURANCE CO., LTD.",088350,KOSPI,생명보험
오리온,ORION CORP.,271560,KOSPI,스낵 등 과자류
엘앤에프,"L&F CO.,LTD",066970,KOSPI,이차전지 양극활물질
대덕전자,"DAEDUCK ELECTRONICS CO.,LTD",353200,KOSPI,"PCB(Printed Circuit Board, 인쇄회로기판)의 제조 및 판매"
맥쿼리인프라,Macquarie Korea Infrastructure Fund,088980,KOSPI,증권투자회사
Adobe Inc.,Adobe Inc.,ADBE,NASDAQ,
Advanced Micro Devices,Advanced Micro Devices,AMD,NASDAQ,
Airbnb,Airbnb,ABNB,NASDAQ,
Alnylam Pharmaceuticals,Alnylam Pharmaceuticals,ALNY,NASDAQ,
Alphabet Inc. (Class A),Alphabet Inc. (Class A),GOOGL,NASDAQ,
Alphabet Inc. (Class C),Alphabet Inc. (Class C),GOOG,NASDAQ,
Amazon,Amazon,AMZN,NASDAQ,
American Electric Power,American Electric Power,AEP,NASDAQ,
Amgen,Amgen,AMGN,NASDAQ,
Analog Devices,Analog Devices,ADI,NASDAQ,
Apple Inc.,Apple Inc.,AAPL,NASDAQ,
Applied Materials,Applied Materials,AMAT,NASDAQ,
AppLovin,AppLovin,APP,NASDAQ,
Arm Holdings,Arm Holdings,ARM,NASDAQ,
ASML Holding,ASML Holding,ASML,NASDAQ,
Astera Labs,Astera Labs,ALAB,NASDAQ,
Autodesk,Autodesk,ADSK,NASDAQ,
Automatic Data Processing,Automatic Data Processing,ADP,NASDAQ,
Axon Enterprise,Axon Enterprise,AXON,NASDAQ,
Baker Hughes,Baker Hughes,BKR,NASDAQ,
Booking Holdings,Booking Holdings,BKNG,NASDAQ,
Broadcom,Broadcom,AVGO,NASDAQ,
Cadence Design Systems,Cadence Design Systems,CDNS,NASDAQ,
Cintas,Cintas,CTAS,NASDAQ,
Cisco,Cisco,CSCO,NASDAQ,
Coca-Cola Europacific Partners,Coca-Cola Europacific Partners,CCEP,NASDAQ,
Comcast,Comcast,CMCSA,NASDAQ,
Constellation Energy,Constellation Energy,CEG,NASDAQ,
Copart,Copart,CPRT,NASDAQ,
CoreWeave,CoreWeave,CRWV,NASDAQ,
Costco,Costco,COST,NASDAQ,
CrowdStrike,CrowdStrike,CRWD,NASDAQ,
CSX Corporation,CSX Corporation,CSX,NASDAQ,
Datadog,Datadog,DDOG,NASDAQ,
DexCom,DexCom,DXCM,NASDAQ,
Diamondback Energy,Diamondback Energy,FANG,NASDAQ,
DoorDash,DoorDash,DASH,NASDAQ,
Exelon,Exelon,EXC,NASDAQ,
Fastenal,Fastenal,FAST,NASDAQ,
Ferrovial,Ferrovial,FER,NASDAQ,
Fortinet,Fortinet,FTNT,NASDAQ,
GE HealthCare,GE HealthCare,GEHC,NASDAQ,
Gilead Sciences,Gilead Sciences,GILD,NASDAQ,
Honeywell Aerospace,Honeywell Aerospace,HONA,NASDAQ,
Honeywell Technologies,Honeywell Technologies,HON,NASDAQ,
Idexx Laboratories,Idexx Laboratories,IDXX,NASDAQ,
Intel,Intel,INTC,NASDAQ,
Intuit,Intuit,INTU,NASDAQ,
Intuitive Surgical,Intuitive Surgical,ISRG,NASDAQ,
Keurig Dr Pepper,Keurig Dr Pepper,KDP,NASDAQ,
KLA Corporation,KLA Corporation,KLAC,NASDAQ,
Kraft Heinz,Kraft Heinz,KHC,NASDAQ,
Lam Research,Lam Research,LRCX,NASDAQ,
Linde plc,Linde plc,LIN,NASDAQ,
Lumentum,Lumentum,LITE,NASDAQ,
Marriott International,Marriott International,MAR,NASDAQ,
Marvell Technology,Marvell Technology,MRVL,NASDAQ,
Mercado Libre,Mercado Libre,MELI,NASDAQ,
Meta Platforms,Meta Platforms,META,NASDAQ,
Microchip Technology,Microchip Technology,MCHP,NASDAQ,
Micron Technology,Micron Technology,MU,NASDAQ,
Microsoft,Microsoft,MSFT,NASDAQ,
MicroStrategy,MicroStrategy,MSTR,NASDAQ,
Mondelez International,Mondelez International,MDLZ,NASDAQ,
Monolithic Power Systems,Monolithic Power Systems,MPWR,NASDAQ,
Monster Beverage,Monster Beverage,MNST,NASDAQ,
Nebius Group,Nebius Group,NBIS,NASDAQ,
"Netflix, Inc.","Netflix, Inc.",NFLX,NASDAQ,
Nvidia,Nvidia,NVDA,NASDAQ,
NXP Semiconductors,NXP Semiconductors,NXPI,NASDAQ,
O'Reilly Automotive,O'Reilly Automotive,ORLY,NASDAQ,
Old Dominion Freight Line,Old Dominion Freight Line,ODFL,NASDAQ,
Paccar,Paccar,PCAR,NASDAQ,
Palantir Technologies,Palantir Technologies,PLTR,NASDAQ,
Palo Alto Networks,Palo Alto Networks,PANW,NASDAQ,
Paychex,Paychex,PAYX,NASDAQ,
PayPal,PayPal,PYPL,NASDAQ,
PDD Holdings,PDD Holdings,PDD,NASDAQ,
PepsiCo,PepsiCo,PEP,NASDAQ,
Qualcomm,Qualcomm,QCOM,NASDAQ,
Regeneron Pharmaceuticals,Regeneron Pharmaceuticals,REGN,NASDAQ,
Rocket Lab,Rocket Lab,RKLB,NASDAQ,
Roper Technologies,Roper Technologies,ROP,NASDAQ,
Ross Stores,Ross Stores,ROST,NASDAQ,
Sandisk,Sandisk,SNDK,NASDAQ,
Seagate Technology,Seagate Technology,STX,NASDAQ,
Shopify,Shopify,SHOP,NASDAQ,
SpaceX,SpaceX,SPCX,NASDAQ,
Starbucks,Starbucks,SBUX,NASDAQ,
Synopsys,Synopsys,SNPS,NASDAQ,
T-Mobile US,T-Mobile US,TMUS,NASDAQ,
Take-Two Interactive,Take-Two Interactive,TTWO,NASDAQ,
Teradyne,Teradyne,TER,NASDAQ,
"Tesla, Inc.","Tesla, Inc.",TSLA,NASDAQ,
Texas Instruments,Texas Instruments,TXN,NASDAQ,
Thomson Reuters,Thomson Reuters,TRI,NASDAQ,
Vertex Pharmaceuticals,Vertex Pharmaceuticals,VRTX,NASDAQ,
Walmart,Walmart,WMT,NASDAQ,
Warner Bros. Discovery,Warner Bros. Discovery,WBD,NASDAQ,
Western Digital,Western Digital,WDC,NASDAQ,
"Workday, Inc.","Workday, Inc.",WDAY,NASDAQ,
Xcel Energy,Xcel Energy,XEL,NASDAQ,
