dart_receipt_no,report_name,filing_date,filer,original_url
20250317001024,사업보고서 (2024.12),2025-03-17,한화솔루션,https://dart.fss.or.kr/dsaf001/main.do?rcpNo=20250317001024
20260310002820,사업보고서 (2025.12),2026-03-10,삼성전자,https://dart.fss.or.kr/dsaf001/main.do?rcpNo=20260310002820
20260310002954,사업보고서 (2025.12),2026-03-10,삼성SDI,https://dart.fss.or.kr/dsaf001/main.do?rcpNo=20260310002954
20260310002989,사업보고서 (2025.12),2026-03-10,삼성에스디에스,https://dart.fss.or.kr/dsaf001/main.do?rcpNo=20260310002989
20260310003071,사업보고서 (2025.12),2026-03-10,삼성전기,https://dart.fss.or.kr/dsaf001/main.do?rcpNo=20260310003071
20260311003927,사업보고서 (2025.12),2026-03-11,삼성E&A,https://dart.fss.or.kr/dsaf001/main.do?rcpNo=20260311003927
20260311004049,사업보고서 (2025.12),2026-03-11,삼성카드,https://dart.fss.or.kr/dsaf001/main.do?rcpNo=20260311004049
20260312000217,사업보고서 (2025.12),2026-03-12,LG에너지솔루션,https://dart.fss.or.kr/dsaf001/main.do?rcpNo=20260312000217
20260312000826,사업보고서 (2025.12),2026-03-12,포스코퓨처엠,https://dart.fss.or.kr/dsaf001/main.do?rcpNo=20260312000826
20260312001014,사업보고서 (2025.12),2026-03-12,삼성증권,https://dart.fss.or.kr/dsaf001/main.do?rcpNo=20260312001014
20260312001037,사업보고서 (2025.12),2026-03-12,삼성중공업,https://dart.fss.or.kr/dsaf001/main.do?rcpNo=20260312001037
20260312001119,사업보고서 (2025.12),2026-03-12,삼성바이오로직스,https://dart.fss.or.kr/dsaf001/main.do?rcpNo=20260312001119
20260312001224,사업보고서 (2025.12),2026-03-12,기아,https://dart.fss.or.kr/dsaf001/main.do?rcpNo=20260312001224
20260312001270,사업보고서 (2025.12),2026-03-12,LG이노텍,https://dart.fss.or.kr/dsaf001/main.do?rcpNo=20260312001270
20260312001366,사업보고서 (2025.12),2026-03-12,카카오페이,https://dart.fss.or.kr/dsaf001/main.do?rcpNo=20260312001366
20260312001399,사업보고서 (2025.12),2026-03-12,삼성화재,https://dart.fss.or.kr/dsaf001/main.do?rcpNo=20260312001399
20260313001195,사업보고서 (2025.12),2026-03-13,LG화학,https://dart.fss.or.kr/dsaf001/main.do?rcpNo=20260313001195
20260316000827,사업보고서 (2025.12),2026-03-16,SK이노베이션,https://dart.fss.or.kr/dsaf001/main.do?rcpNo=20260316000827
20260316000940,사업보고서 (2025.12),2026-03-16,HD현대일렉트릭,https://dart.fss.or.kr/dsaf001/main.do?rcpNo=20260316000940
20260316001512,사업보고서 (2025.12),2026-03-16,HD현대마린솔루션,https://dart.fss.or.kr/dsaf001/main.do?rcpNo=20260316001512
20260318000773,사업보고서 (2025.12),2026-03-18,SK바이오팜,https://dart.fss.or.kr/dsaf001/main.do?rcpNo=20260318000773
20260318000884,사업보고서 (2025.12),2026-03-18,카카오뱅크,https://dart.fss.or.kr/dsaf001/main.do?rcpNo=20260318000884
20260318001030,사업보고서 (2025.12),2026-03-18,포스코인터내셔널,https://dart.fss.or.kr/dsaf001/main.do?rcpNo=20260318001030
20260318001125,사업보고서 (2025.12),2026-03-18,대한항공,https://dart.fss.or.kr/dsaf001/main.do?rcpNo=20260318001125
20260318001243,사업보고서 (2025.12),2026-03-18,LS ELECTRIC,https://dart.fss.or.kr/dsaf001/main.do?rcpNo=20260318001243
20260318001324,사업보고서 (2025.12),2026-03-18,현대오토에버,https://dart.fss.or.kr/dsaf001/main.do?rcpNo=20260318001324
20260318001395,사업보고서 (2025.12),2026-03-18,현대건설,https://dart.fss.or.kr/dsaf001/main.do?rcpNo=20260318001395
20260319001265,사업보고서 (2025.12),2026-03-19,두산밥캣,https://dart.fss.or.kr/dsaf001/main.do?rcpNo=20260319001265
20260319001275,사업보고서 (2025.12),2026-03-19,현대로템,https://dart.fss.or.kr/dsaf001/main.do?rcpNo=20260319001275
20260320000859,사업보고서 (2025.12),2026-03-20,HD현대중공업,https://dart.fss.or.kr/dsaf001/main.do?rcpNo=20260320000859
20260320001032,사업보고서 (2025.12),2026-03-20,HD한국조선해양,https://dart.fss.or.kr/dsaf001/main.do?rcpNo=20260320001032
20260320001246,사업보고서 (2025.12),2026-03-20,두산에너빌리티,https://dart.fss.or.kr/dsaf001/main.do?rcpNo=20260320001246
20260323001553,사업보고서 (2025.12),2026-03-23,KT,https://dart.fss.or.kr/dsaf001/main.do?rcpNo=20260323001553
